date,t,cp_location,cp_location_norm,cp_score
2007-10-04,126,NA,NA,NA
2007-10-05,127,NA,NA,NA
2007-10-08,128,NA,NA,NA
2007-10-09,129,NA,NA,NA
2007-10-10,130,NA,NA,NA
2007-10-11,131,NA,NA,NA
2007-10-12,132,NA,NA,NA
2007-10-15,133,NA,NA,NA
2007-10-16,134,NA,NA,NA
2007-10-17,135,NA,NA,NA
2007-10-18,136,NA,NA,NA
2007-10-19,137,NA,NA,NA
2007-10-22,138,NA,NA,NA
2007-10-23,139,NA,NA,NA
2007-10-24,140,NA,NA,NA
2007-10-25,141,NA,NA,NA
2007-10-26,142,NA,NA,NA
2007-10-29,143,NA,NA,NA
2007-10-30,144,NA,NA,NA
2007-10-31,145,NA,NA,NA
2007-11-01,146,NA,NA,NA
2007-11-02,147,NA,NA,NA
2007-11-05,148,NA,NA,NA
2007-11-06,149,NA,NA,NA
2007-11-07,150,NA,NA,NA
2007-11-08,151,NA,NA,NA
2007-11-09,152,NA,NA,NA
2007-11-12,153,NA,NA,NA
2007-11-13,154,NA,NA,NA
2007-11-14,155,NA,NA,NA
2007-11-15,156,NA,NA,NA
2007-11-16,157,NA,NA,NA
2007-11-19,158,NA,NA,NA
2007-11-20,159,NA,NA,NA
2007-11-21,160,NA,NA,NA
2007-11-23,161,NA,NA,NA
2007-11-26,162,NA,NA,NA
2007-11-27,163,NA,NA,NA
2007-11-28,164,NA,NA,NA
2007-11-29,165,NA,NA,NA
2007-11-30,166,NA,NA,NA
2007-12-03,167,NA,NA,NA
2007-12-04,168,NA,NA,NA
2007-12-05,169,NA,NA,NA
2007-12-06,170,NA,NA,NA
2007-12-07,171,NA,NA,NA
2007-12-10,172,NA,NA,NA
2007-12-11,173,NA,NA,NA
2007-12-12,174,NA,NA,NA
2007-12-13,175,NA,NA,NA
2007-12-14,176,NA,NA,NA
2007-12-17,177,NA,NA,NA
2007-12-18,178,NA,NA,NA
2007-12-19,179,NA,NA,NA
2007-12-20,180,NA,NA,NA
2007-12-21,181,NA,NA,NA
2007-12-24,182,NA,NA,NA
2007-12-26,183,NA,NA,NA
2007-12-27,184,NA,NA,NA
2007-12-28,185,NA,NA,NA
2007-12-31,186,NA,NA,NA
2008-01-02,187,NA,NA,NA
2008-01-03,188,NA,NA,NA
2008-01-04,189,NA,NA,NA
2008-01-07,190,NA,NA,NA
2008-01-08,191,NA,NA,NA
2008-01-09,192,NA,NA,NA
2008-01-10,193,NA,NA,NA
2008-01-11,194,NA,NA,NA
2008-01-14,195,NA,NA,NA
2008-01-15,196,NA,NA,NA
2008-01-16,197,NA,NA,NA
2008-01-17,198,NA,NA,NA
2008-01-18,199,NA,NA,NA
2008-01-22,200,NA,NA,NA
2008-01-23,201,NA,NA,NA
2008-01-24,202,NA,NA,NA
2008-01-25,203,NA,NA,NA
2008-01-28,204,NA,NA,NA
2008-01-29,205,NA,NA,NA
2008-01-30,206,NA,NA,NA
2008-01-31,207,NA,NA,NA
2008-02-01,208,NA,NA,NA
2008-02-04,209,NA,NA,NA
2008-02-05,210,NA,NA,NA
2008-02-06,211,NA,NA,NA
2008-02-07,212,NA,NA,NA
2008-02-08,213,NA,NA,NA
2008-02-11,214,NA,NA,NA
2008-02-12,215,NA,NA,NA
2008-02-13,216,NA,NA,NA
2008-02-14,217,NA,NA,NA
2008-02-15,218,NA,NA,NA
2008-02-19,219,NA,NA,NA
2008-02-20,220,NA,NA,NA
2008-02-21,221,NA,NA,NA
2008-02-22,222,NA,NA,NA
2008-02-25,223,NA,NA,NA
2008-02-26,224,NA,NA,NA
2008-02-27,225,NA,NA,NA
2008-02-28,226,NA,NA,NA
2008-02-29,227,NA,NA,NA
2008-03-03,228,NA,NA,NA
2008-03-04,229,NA,NA,NA
2008-03-05,230,NA,NA,NA
2008-03-06,231,NA,NA,NA
2008-03-07,232,NA,NA,NA
2008-03-10,233,NA,NA,NA
2008-03-11,234,NA,NA,NA
2008-03-12,235,NA,NA,NA
2008-03-13,236,NA,NA,NA
2008-03-14,237,NA,NA,NA
2008-03-17,238,NA,NA,NA
2008-03-18,239,NA,NA,NA
2008-03-19,240,NA,NA,NA
2008-03-20,241,NA,NA,NA
2008-03-24,242,NA,NA,NA
2008-03-25,243,NA,NA,NA
2008-03-26,244,NA,NA,NA
2008-03-27,245,NA,NA,NA
2008-03-28,246,NA,NA,NA
2008-03-31,247,NA,NA,NA
2008-04-01,248,NA,NA,NA
2008-04-02,249,NA,NA,NA
2008-04-03,250,NA,NA,NA
2008-04-04,251,NA,NA,NA
2008-04-07,252,NA,NA,NA
2008-04-08,253,NA,NA,NA
2008-04-09,254,NA,NA,NA
2008-04-10,255,NA,NA,NA
2008-04-11,256,NA,NA,NA
2008-04-14,257,NA,NA,NA
2008-04-15,258,NA,NA,NA
2008-04-16,259,NA,NA,NA
2008-04-17,260,NA,NA,NA
2008-04-18,261,NA,NA,NA
2008-04-21,262,NA,NA,NA
2008-04-22,263,NA,NA,NA
2008-04-23,264,NA,NA,NA
2008-04-24,265,NA,NA,NA
2008-04-25,266,NA,NA,NA
2008-04-28,267,NA,NA,NA
2008-04-29,268,NA,NA,NA
2008-04-30,269,NA,NA,NA
2008-05-01,270,NA,NA,NA
2008-05-02,271,NA,NA,NA
2008-05-05,272,NA,NA,NA
2008-05-06,273,NA,NA,NA
2008-05-07,274,NA,NA,NA
2008-05-08,275,NA,NA,NA
2008-05-09,276,NA,NA,NA
2008-05-12,277,NA,NA,NA
2008-05-13,278,NA,NA,NA
2008-05-14,279,NA,NA,NA
2008-05-15,280,NA,NA,NA
2008-05-16,281,NA,NA,NA
2008-05-19,282,NA,NA,NA
2008-05-20,283,NA,NA,NA
2008-05-21,284,NA,NA,NA
2008-05-22,285,NA,NA,NA
2008-05-23,286,NA,NA,NA
2008-05-27,287,NA,NA,NA
2008-05-28,288,NA,NA,NA
2008-05-29,289,NA,NA,NA
2008-05-30,290,NA,NA,NA
2008-06-02,291,NA,NA,NA
2008-06-03,292,NA,NA,NA
2008-06-04,293,NA,NA,NA
2008-06-05,294,NA,NA,NA
2008-06-06,295,NA,NA,NA
2008-06-09,296,NA,NA,NA
2008-06-10,297,NA,NA,NA
2008-06-11,298,NA,NA,NA
2008-06-12,299,NA,NA,NA
2008-06-13,300,NA,NA,NA
2008-06-16,301,NA,NA,NA
2008-06-17,302,NA,NA,NA
2008-06-18,303,NA,NA,NA
2008-06-19,304,NA,NA,NA
2008-06-20,305,NA,NA,NA
2008-06-23,306,NA,NA,NA
2008-06-24,307,NA,NA,NA
2008-06-25,308,NA,NA,NA
2008-06-26,309,NA,NA,NA
2008-06-27,310,NA,NA,NA
2008-06-30,311,NA,NA,NA
2008-07-01,312,NA,NA,NA
2008-07-02,313,NA,NA,NA
2008-07-03,314,NA,NA,NA
2008-07-07,315,NA,NA,NA
2008-07-08,316,NA,NA,NA
2008-07-09,317,NA,NA,NA
2008-07-10,318,NA,NA,NA
2008-07-11,319,NA,NA,NA
2008-07-14,320,NA,NA,NA
2008-07-15,321,NA,NA,NA
2008-07-16,322,NA,NA,NA
2008-07-17,323,NA,NA,NA
2008-07-18,324,NA,NA,NA
2008-07-21,325,NA,NA,NA
2008-07-22,326,NA,NA,NA
2008-07-23,327,NA,NA,NA
2008-07-24,328,NA,NA,NA
2008-07-25,329,NA,NA,NA
2008-07-28,330,NA,NA,NA
2008-07-29,331,NA,NA,NA
2008-07-30,332,NA,NA,NA
2008-07-31,333,NA,NA,NA
2008-08-01,334,NA,NA,NA
2008-08-04,335,NA,NA,NA
2008-08-05,336,NA,NA,NA
2008-08-06,337,NA,NA,NA
2008-08-07,338,NA,NA,NA
2008-08-08,339,NA,NA,NA
2008-08-11,340,NA,NA,NA
2008-08-12,341,NA,NA,NA
2008-08-13,342,NA,NA,NA
2008-08-14,343,NA,NA,NA
2008-08-15,344,NA,NA,NA
2008-08-18,345,NA,NA,NA
2008-08-19,346,NA,NA,NA
2008-08-20,347,NA,NA,NA
2008-08-21,348,NA,NA,NA
2008-08-22,349,NA,NA,NA
2008-08-25,350,NA,NA,NA
2008-08-26,351,NA,NA,NA
2008-08-27,352,NA,NA,NA
2008-08-28,353,NA,NA,NA
2008-08-29,354,NA,NA,NA
2008-09-02,355,NA,NA,NA
2008-09-03,356,NA,NA,NA
2008-09-04,357,NA,NA,NA
2008-09-05,358,NA,NA,NA
2008-09-08,359,NA,NA,NA
2008-09-09,360,NA,NA,NA
2008-09-10,361,NA,NA,NA
2008-09-11,362,NA,NA,NA
2008-09-12,363,NA,NA,NA
2008-09-15,364,NA,NA,NA
2008-09-16,365,NA,NA,NA
2008-09-17,366,NA,NA,NA
2008-09-18,367,NA,NA,NA
2008-09-19,368,NA,NA,NA
2008-09-22,369,NA,NA,NA
2008-09-23,370,NA,NA,NA
2008-09-24,371,NA,NA,NA
2008-09-25,372,NA,NA,NA
2008-09-26,373,NA,NA,NA
2008-09-29,374,NA,NA,NA
2008-09-30,375,NA,NA,NA
2008-10-01,376,NA,NA,NA
2008-10-02,377,NA,NA,NA
2008-10-03,378,NA,NA,NA
2008-10-06,379,NA,NA,NA
2008-10-07,380,NA,NA,NA
2008-10-08,381,NA,NA,NA
2008-10-09,382,NA,NA,NA
2008-10-10,383,NA,NA,NA
2008-10-13,384,NA,NA,NA
2008-10-14,385,NA,NA,NA
2008-10-15,386,NA,NA,NA
2008-10-16,387,NA,NA,NA
2008-10-17,388,NA,NA,NA
2008-10-20,389,NA,NA,NA
2008-10-21,390,NA,NA,NA
2008-10-22,391,NA,NA,NA
2008-10-23,392,NA,NA,NA
2008-10-24,393,NA,NA,NA
2008-10-27,394,NA,NA,NA
2008-10-28,395,NA,NA,NA
2008-10-29,396,NA,NA,NA
2008-10-30,397,NA,NA,NA
2008-10-31,398,NA,NA,NA
2008-11-03,399,NA,NA,NA
2008-11-04,400,NA,NA,NA
2008-11-05,401,NA,NA,NA
2008-11-06,402,NA,NA,NA
2008-11-07,403,NA,NA,NA
2008-11-10,404,NA,NA,NA
2008-11-11,405,NA,NA,NA
2008-11-12,406,NA,NA,NA
2008-11-13,407,NA,NA,NA
2008-11-14,408,NA,NA,NA
2008-11-17,409,NA,NA,NA
2008-11-18,410,NA,NA,NA
2008-11-19,411,NA,NA,NA
2008-11-20,412,NA,NA,NA
2008-11-21,413,NA,NA,NA
2008-11-24,414,NA,NA,NA
2008-11-25,415,NA,NA,NA
2008-11-26,416,NA,NA,NA
2008-11-28,417,NA,NA,NA
2008-12-01,418,NA,NA,NA
2008-12-02,419,NA,NA,NA
2008-12-03,420,NA,NA,NA
2008-12-04,421,NA,NA,NA
2008-12-05,422,NA,NA,NA
2008-12-08,423,NA,NA,NA
2008-12-09,424,NA,NA,NA
2008-12-10,425,NA,NA,NA
2008-12-11,426,NA,NA,NA
2008-12-12,427,NA,NA,NA
2008-12-15,428,NA,NA,NA
2008-12-16,429,NA,NA,NA
2008-12-17,430,NA,NA,NA
2008-12-18,431,NA,NA,NA
2008-12-19,432,NA,NA,NA
2008-12-22,433,NA,NA,NA
2008-12-23,434,NA,NA,NA
2008-12-24,435,NA,NA,NA
2008-12-26,436,NA,NA,NA
2008-12-29,437,NA,NA,NA
2008-12-30,438,NA,NA,NA
2008-12-31,439,NA,NA,NA
2009-01-02,440,NA,NA,NA
2009-01-05,441,NA,NA,NA
2009-01-06,442,NA,NA,NA
2009-01-07,443,NA,NA,NA
2009-01-08,444,NA,NA,NA
2009-01-09,445,NA,NA,NA
2009-01-12,446,NA,NA,NA
2009-01-13,447,NA,NA,NA
2009-01-14,448,NA,NA,NA
2009-01-15,449,NA,NA,NA
2009-01-16,450,NA,NA,NA
2009-01-20,451,NA,NA,NA
2009-01-21,452,NA,NA,NA
2009-01-22,453,NA,NA,NA
2009-01-23,454,NA,NA,NA
2009-01-26,455,NA,NA,NA
2009-01-27,456,NA,NA,NA
2009-01-28,457,NA,NA,NA
2009-01-29,458,NA,NA,NA
2009-01-30,459,NA,NA,NA
2009-02-02,460,NA,NA,NA
2009-02-03,461,NA,NA,NA
2009-02-04,462,NA,NA,NA
2009-02-05,463,NA,NA,NA
2009-02-06,464,NA,NA,NA
2009-02-09,465,NA,NA,NA
2009-02-10,466,NA,NA,NA
2009-02-11,467,NA,NA,NA
2009-02-12,468,NA,NA,NA
2009-02-13,469,NA,NA,NA
2009-02-17,470,NA,NA,NA
2009-02-18,471,NA,NA,NA
2009-02-19,472,NA,NA,NA
2009-02-20,473,NA,NA,NA
2009-02-23,474,NA,NA,NA
2009-02-24,475,NA,NA,NA
2009-02-25,476,NA,NA,NA
2009-02-26,477,NA,NA,NA
2009-02-27,478,NA,NA,NA
2009-03-02,479,NA,NA,NA
2009-03-03,480,NA,NA,NA
2009-03-04,481,NA,NA,NA
2009-03-05,482,NA,NA,NA
2009-03-06,483,NA,NA,NA
2009-03-09,484,NA,NA,NA
2009-03-10,485,NA,NA,NA
2009-03-11,486,NA,NA,NA
2009-03-12,487,NA,NA,NA
2009-03-13,488,NA,NA,NA
2009-03-16,489,NA,NA,NA
2009-03-17,490,NA,NA,NA
2009-03-18,491,NA,NA,NA
2009-03-19,492,NA,NA,NA
2009-03-20,493,NA,NA,NA
2009-03-23,494,NA,NA,NA
2009-03-24,495,NA,NA,NA
2009-03-25,496,NA,NA,NA
2009-03-26,497,NA,NA,NA
2009-03-27,498,NA,NA,NA
2009-03-30,499,NA,NA,NA
2009-03-31,500,NA,NA,NA
2009-04-01,501,NA,NA,NA
2009-04-02,502,NA,NA,NA
2009-04-03,503,NA,NA,NA
2009-04-06,504,NA,NA,NA
2009-04-07,505,NA,NA,NA
2009-04-08,506,NA,NA,NA
2009-04-09,507,NA,NA,NA
2009-04-13,508,NA,NA,NA
2009-04-14,509,NA,NA,NA
2009-04-15,510,NA,NA,NA
2009-04-16,511,NA,NA,NA
2009-04-17,512,NA,NA,NA
2009-04-20,513,NA,NA,NA
2009-04-21,514,NA,NA,NA
2009-04-22,515,NA,NA,NA
2009-04-23,516,NA,NA,NA
2009-04-24,517,NA,NA,NA
2009-04-27,518,NA,NA,NA
2009-04-28,519,NA,NA,NA
2009-04-29,520,NA,NA,NA
2009-04-30,521,NA,NA,NA
2009-05-01,522,NA,NA,NA
2009-05-04,523,NA,NA,NA
2009-05-05,524,NA,NA,NA
2009-05-06,525,NA,NA,NA
2009-05-07,526,NA,NA,NA
2009-05-08,527,NA,NA,NA
2009-05-11,528,NA,NA,NA
2009-05-12,529,NA,NA,NA
2009-05-13,530,NA,NA,NA
2009-05-14,531,NA,NA,NA
2009-05-15,532,NA,NA,NA
2009-05-18,533,NA,NA,NA
2009-05-19,534,NA,NA,NA
2009-05-20,535,NA,NA,NA
2009-05-21,536,NA,NA,NA
2009-05-22,537,NA,NA,NA
2009-05-26,538,NA,NA,NA
2009-05-27,539,NA,NA,NA
2009-05-28,540,NA,NA,NA
2009-05-29,541,NA,NA,NA
2009-06-01,542,NA,NA,NA
2009-06-02,543,NA,NA,NA
2009-06-03,544,NA,NA,NA
2009-06-04,545,NA,NA,NA
2009-06-05,546,NA,NA,NA
2009-06-08,547,NA,NA,NA
2009-06-09,548,NA,NA,NA
2009-06-10,549,NA,NA,NA
2009-06-11,550,NA,NA,NA
2009-06-12,551,NA,NA,NA
2009-06-15,552,NA,NA,NA
2009-06-16,553,NA,NA,NA
2009-06-17,554,NA,NA,NA
2009-06-18,555,NA,NA,NA
2009-06-19,556,NA,NA,NA
2009-06-22,557,NA,NA,NA
2009-06-23,558,NA,NA,NA
2009-06-24,559,NA,NA,NA
2009-06-25,560,NA,NA,NA
2009-06-26,561,NA,NA,NA
2009-06-29,562,NA,NA,NA
2009-06-30,563,NA,NA,NA
2009-07-01,564,NA,NA,NA
2009-07-02,565,NA,NA,NA
2009-07-06,566,NA,NA,NA
2009-07-07,567,NA,NA,NA
2009-07-08,568,NA,NA,NA
2009-07-09,569,NA,NA,NA
2009-07-10,570,NA,NA,NA
2009-07-13,571,NA,NA,NA
2009-07-14,572,NA,NA,NA
2009-07-15,573,NA,NA,NA
2009-07-16,574,NA,NA,NA
2009-07-17,575,NA,NA,NA
2009-07-20,576,NA,NA,NA
2009-07-21,577,NA,NA,NA
2009-07-22,578,NA,NA,NA
2009-07-23,579,NA,NA,NA
2009-07-24,580,NA,NA,NA
2009-07-27,581,NA,NA,NA
2009-07-28,582,NA,NA,NA
2009-07-29,583,NA,NA,NA
2009-07-30,584,NA,NA,NA
2009-07-31,585,NA,NA,NA
2009-08-03,586,NA,NA,NA
2009-08-04,587,NA,NA,NA
2009-08-05,588,NA,NA,NA
2009-08-06,589,NA,NA,NA
2009-08-07,590,NA,NA,NA
2009-08-10,591,NA,NA,NA
2009-08-11,592,NA,NA,NA
2009-08-12,593,NA,NA,NA
2009-08-13,594,NA,NA,NA
2009-08-14,595,NA,NA,NA
2009-08-17,596,NA,NA,NA
2009-08-18,597,NA,NA,NA
2009-08-19,598,NA,NA,NA
2009-08-20,599,NA,NA,NA
2009-08-21,600,NA,NA,NA
2009-08-24,601,NA,NA,NA
2009-08-25,602,NA,NA,NA
2009-08-26,603,NA,NA,NA
2009-08-27,604,NA,NA,NA
2009-08-28,605,NA,NA,NA
2009-08-31,606,NA,NA,NA
2009-09-01,607,NA,NA,NA
2009-09-02,608,NA,NA,NA
2009-09-03,609,NA,NA,NA
2009-09-04,610,NA,NA,NA
2009-09-08,611,NA,NA,NA
2009-09-09,612,NA,NA,NA
2009-09-10,613,NA,NA,NA
2009-09-11,614,NA,NA,NA
2009-09-14,615,NA,NA,NA
2009-09-15,616,NA,NA,NA
2009-09-16,617,NA,NA,NA
2009-09-17,618,NA,NA,NA
2009-09-18,619,NA,NA,NA
2009-09-21,620,NA,NA,NA
2009-09-22,621,NA,NA,NA
2009-09-23,622,NA,NA,NA
2009-09-24,623,NA,NA,NA
2009-09-25,624,NA,NA,NA
2009-09-28,625,NA,NA,NA
2009-09-29,626,NA,NA,NA
2009-09-30,627,NA,NA,NA
2009-10-01,628,NA,NA,NA
2009-10-02,629,NA,NA,NA
2009-10-05,630,NA,NA,NA
2009-10-06,631,NA,NA,NA
2009-10-07,632,NA,NA,NA
2009-10-08,633,NA,NA,NA
2009-10-09,634,NA,NA,NA
2009-10-12,635,NA,NA,NA
2009-10-13,636,NA,NA,NA
2009-10-14,637,NA,NA,NA
2009-10-15,638,NA,NA,NA
2009-10-16,639,NA,NA,NA
2009-10-19,640,NA,NA,NA
2009-10-20,641,NA,NA,NA
2009-10-21,642,NA,NA,NA
2009-10-22,643,NA,NA,NA
2009-10-23,644,NA,NA,NA
2009-10-26,645,NA,NA,NA
2009-10-27,646,NA,NA,NA
2009-10-28,647,NA,NA,NA
2009-10-29,648,NA,NA,NA
2009-10-30,649,NA,NA,NA
2009-11-02,650,NA,NA,NA
2009-11-03,651,NA,NA,NA
2009-11-04,652,NA,NA,NA
2009-11-05,653,NA,NA,NA
2009-11-06,654,NA,NA,NA
2009-11-09,655,NA,NA,NA
2009-11-10,656,NA,NA,NA
2009-11-11,657,NA,NA,NA
2009-11-12,658,NA,NA,NA
2009-11-13,659,NA,NA,NA
2009-11-16,660,NA,NA,NA
2009-11-17,661,NA,NA,NA
2009-11-18,662,NA,NA,NA
2009-11-19,663,NA,NA,NA
2009-11-20,664,NA,NA,NA
2009-11-23,665,NA,NA,NA
2009-11-24,666,NA,NA,NA
2009-11-25,667,NA,NA,NA
2009-11-27,668,NA,NA,NA
2009-11-30,669,NA,NA,NA
2009-12-01,670,NA,NA,NA
2009-12-02,671,NA,NA,NA
2009-12-03,672,NA,NA,NA
2009-12-04,673,NA,NA,NA
2009-12-07,674,NA,NA,NA
2009-12-08,675,NA,NA,NA
2009-12-09,676,NA,NA,NA
2009-12-10,677,NA,NA,NA
2009-12-11,678,NA,NA,NA
2009-12-14,679,NA,NA,NA
2009-12-15,680,NA,NA,NA
2009-12-16,681,NA,NA,NA
2009-12-17,682,NA,NA,NA
2009-12-18,683,NA,NA,NA
2009-12-21,684,NA,NA,NA
2009-12-22,685,NA,NA,NA
2009-12-23,686,NA,NA,NA
2009-12-24,687,NA,NA,NA
2009-12-28,688,NA,NA,NA
2009-12-29,689,NA,NA,NA
2009-12-30,690,NA,NA,NA
2009-12-31,691,NA,NA,NA
2010-01-04,692,NA,NA,NA
2010-01-05,693,NA,NA,NA
2010-01-06,694,NA,NA,NA
2010-01-07,695,NA,NA,NA
2010-01-08,696,NA,NA,NA
2010-01-11,697,NA,NA,NA
2010-01-12,698,NA,NA,NA
2010-01-13,699,NA,NA,NA
2010-01-14,700,NA,NA,NA
2010-01-15,701,NA,NA,NA
2010-01-19,702,NA,NA,NA
2010-01-20,703,NA,NA,NA
2010-01-21,704,NA,NA,NA
2010-01-22,705,NA,NA,NA
2010-01-25,706,NA,NA,NA
2010-01-26,707,NA,NA,NA
2010-01-27,708,NA,NA,NA
2010-01-28,709,NA,NA,NA
2010-01-29,710,NA,NA,NA
2010-02-01,711,NA,NA,NA
2010-02-02,712,NA,NA,NA
2010-02-03,713,NA,NA,NA
2010-02-04,714,NA,NA,NA
2010-02-05,715,NA,NA,NA
2010-02-08,716,NA,NA,NA
2010-02-09,717,NA,NA,NA
2010-02-10,718,NA,NA,NA
2010-02-11,719,NA,NA,NA
2010-02-12,720,NA,NA,NA
2010-02-16,721,NA,NA,NA
2010-02-17,722,NA,NA,NA
2010-02-18,723,NA,NA,NA
2010-02-19,724,NA,NA,NA
2010-02-22,725,NA,NA,NA
2010-02-23,726,NA,NA,NA
2010-02-24,727,NA,NA,NA
2010-02-25,728,NA,NA,NA
2010-02-26,729,NA,NA,NA
2010-03-01,730,NA,NA,NA
2010-03-02,731,NA,NA,NA
2010-03-03,732,NA,NA,NA
2010-03-04,733,NA,NA,NA
2010-03-05,734,NA,NA,NA
2010-03-08,735,NA,NA,NA
2010-03-09,736,NA,NA,NA
2010-03-10,737,NA,NA,NA
2010-03-11,738,NA,NA,NA
2010-03-12,739,NA,NA,NA
2010-03-15,740,NA,NA,NA
2010-03-16,741,NA,NA,NA
2010-03-17,742,NA,NA,NA
2010-03-18,743,NA,NA,NA
2010-03-19,744,NA,NA,NA
2010-03-22,745,NA,NA,NA
2010-03-23,746,NA,NA,NA
2010-03-24,747,NA,NA,NA
2010-03-25,748,NA,NA,NA
2010-03-26,749,NA,NA,NA
2010-03-29,750,NA,NA,NA
2010-03-30,751,NA,NA,NA
2010-03-31,752,NA,NA,NA
2010-04-01,753,NA,NA,NA
2010-04-05,754,NA,NA,NA
2010-04-06,755,NA,NA,NA
2010-04-07,756,NA,NA,NA
2010-04-08,757,NA,NA,NA
2010-04-09,758,NA,NA,NA
2010-04-12,759,NA,NA,NA
2010-04-13,760,NA,NA,NA
2010-04-14,761,NA,NA,NA
2010-04-15,762,NA,NA,NA
2010-04-16,763,NA,NA,NA
2010-04-19,764,NA,NA,NA
2010-04-20,765,NA,NA,NA
2010-04-21,766,NA,NA,NA
2010-04-22,767,NA,NA,NA
2010-04-23,768,NA,NA,NA
2010-04-26,769,NA,NA,NA
2010-04-27,770,NA,NA,NA
2010-04-28,771,NA,NA,NA
2010-04-29,772,NA,NA,NA
2010-04-30,773,NA,NA,NA
2010-05-03,774,NA,NA,NA
2010-05-04,775,NA,NA,NA
2010-05-05,776,NA,NA,NA
2010-05-06,777,NA,NA,NA
2010-05-07,778,NA,NA,NA
2010-05-10,779,NA,NA,NA
2010-05-11,780,NA,NA,NA
2010-05-12,781,NA,NA,NA
2010-05-13,782,NA,NA,NA
2010-05-14,783,NA,NA,NA
2010-05-17,784,NA,NA,NA
2010-05-18,785,NA,NA,NA
2010-05-19,786,NA,NA,NA
2010-05-20,787,NA,NA,NA
2010-05-21,788,NA,NA,NA
2010-05-24,789,NA,NA,NA
2010-05-25,790,NA,NA,NA
2010-05-26,791,NA,NA,NA
2010-05-27,792,NA,NA,NA
2010-05-28,793,NA,NA,NA
2010-06-01,794,NA,NA,NA
2010-06-02,795,NA,NA,NA
2010-06-03,796,NA,NA,NA
2010-06-04,797,NA,NA,NA
2010-06-07,798,NA,NA,NA
2010-06-08,799,NA,NA,NA
2010-06-09,800,NA,NA,NA
2010-06-10,801,NA,NA,NA
2010-06-11,802,NA,NA,NA
2010-06-14,803,NA,NA,NA
2010-06-15,804,NA,NA,NA
2010-06-16,805,NA,NA,NA
2010-06-17,806,NA,NA,NA
2010-06-18,807,NA,NA,NA
2010-06-21,808,NA,NA,NA
2010-06-22,809,NA,NA,NA
2010-06-23,810,NA,NA,NA
2010-06-24,811,NA,NA,NA
2010-06-25,812,NA,NA,NA
2010-06-28,813,NA,NA,NA
2010-06-29,814,NA,NA,NA
2010-06-30,815,NA,NA,NA
2010-07-01,816,NA,NA,NA
2010-07-02,817,NA,NA,NA
2010-07-06,818,NA,NA,NA
2010-07-07,819,NA,NA,NA
2010-07-08,820,NA,NA,NA
2010-07-09,821,NA,NA,NA
2010-07-12,822,NA,NA,NA
2010-07-13,823,NA,NA,NA
2010-07-14,824,NA,NA,NA
2010-07-15,825,NA,NA,NA
2010-07-16,826,NA,NA,NA
2010-07-19,827,NA,NA,NA
2010-07-20,828,NA,NA,NA
2010-07-21,829,NA,NA,NA
2010-07-22,830,NA,NA,NA
2010-07-23,831,NA,NA,NA
2010-07-26,832,NA,NA,NA
2010-07-27,833,NA,NA,NA
2010-07-28,834,NA,NA,NA
2010-07-29,835,NA,NA,NA
2010-07-30,836,NA,NA,NA
2010-08-02,837,NA,NA,NA
2010-08-03,838,NA,NA,NA
2010-08-04,839,NA,NA,NA
2010-08-05,840,NA,NA,NA
2010-08-06,841,NA,NA,NA
2010-08-09,842,NA,NA,NA
2010-08-10,843,NA,NA,NA
2010-08-11,844,NA,NA,NA
2010-08-12,845,NA,NA,NA
2010-08-13,846,NA,NA,NA
2010-08-16,847,NA,NA,NA
2010-08-17,848,NA,NA,NA
2010-08-18,849,NA,NA,NA
2010-08-19,850,NA,NA,NA
2010-08-20,851,NA,NA,NA
2010-08-23,852,NA,NA,NA
2010-08-24,853,NA,NA,NA
2010-08-25,854,NA,NA,NA
2010-08-26,855,NA,NA,NA
2010-08-27,856,NA,NA,NA
2010-08-30,857,NA,NA,NA
2010-08-31,858,NA,NA,NA
2010-09-01,859,NA,NA,NA
2010-09-02,860,NA,NA,NA
2010-09-03,861,NA,NA,NA
2010-09-07,862,NA,NA,NA
2010-09-08,863,NA,NA,NA
2010-09-09,864,NA,NA,NA
2010-09-10,865,NA,NA,NA
2010-09-13,866,NA,NA,NA
2010-09-14,867,NA,NA,NA
2010-09-15,868,NA,NA,NA
2010-09-16,869,NA,NA,NA
2010-09-17,870,NA,NA,NA
2010-09-20,871,NA,NA,NA
2010-09-21,872,NA,NA,NA
2010-09-22,873,NA,NA,NA
2010-09-23,874,NA,NA,NA
2010-09-24,875,NA,NA,NA
2010-09-27,876,NA,NA,NA
2010-09-28,877,NA,NA,NA
2010-09-29,878,NA,NA,NA
2010-09-30,879,NA,NA,NA
2010-10-01,880,NA,NA,NA
2010-10-04,881,NA,NA,NA
2010-10-05,882,NA,NA,NA
2010-10-06,883,NA,NA,NA
2010-10-07,884,NA,NA,NA
2010-10-08,885,NA,NA,NA
2010-10-11,886,NA,NA,NA
2010-10-12,887,NA,NA,NA
2010-10-13,888,NA,NA,NA
2010-10-14,889,NA,NA,NA
2010-10-15,890,NA,NA,NA
2010-10-18,891,NA,NA,NA
2010-10-19,892,NA,NA,NA
2010-10-20,893,NA,NA,NA
2010-10-21,894,NA,NA,NA
2010-10-22,895,NA,NA,NA
2010-10-25,896,NA,NA,NA
2010-10-26,897,NA,NA,NA
2010-10-27,898,NA,NA,NA
2010-10-28,899,NA,NA,NA
2010-10-29,900,NA,NA,NA
2010-11-01,901,NA,NA,NA
2010-11-02,902,NA,NA,NA
2010-11-03,903,NA,NA,NA
2010-11-04,904,NA,NA,NA
2010-11-05,905,NA,NA,NA
2010-11-08,906,NA,NA,NA
2010-11-09,907,NA,NA,NA
2010-11-10,908,NA,NA,NA
2010-11-11,909,NA,NA,NA
2010-11-12,910,NA,NA,NA
2010-11-15,911,NA,NA,NA
2010-11-16,912,NA,NA,NA
2010-11-17,913,NA,NA,NA
2010-11-18,914,NA,NA,NA
2010-11-19,915,NA,NA,NA
2010-11-22,916,NA,NA,NA
2010-11-23,917,NA,NA,NA
2010-11-24,918,NA,NA,NA
2010-11-26,919,NA,NA,NA
2010-11-29,920,NA,NA,NA
2010-11-30,921,NA,NA,NA
2010-12-01,922,NA,NA,NA
2010-12-02,923,NA,NA,NA
2010-12-03,924,NA,NA,NA
2010-12-06,925,NA,NA,NA
2010-12-07,926,NA,NA,NA
2010-12-08,927,NA,NA,NA
2010-12-09,928,NA,NA,NA
2010-12-10,929,NA,NA,NA
2010-12-13,930,NA,NA,NA
2010-12-14,931,NA,NA,NA
2010-12-15,932,NA,NA,NA
2010-12-16,933,NA,NA,NA
2010-12-17,934,NA,NA,NA
2010-12-20,935,NA,NA,NA
2010-12-21,936,NA,NA,NA
2010-12-22,937,NA,NA,NA
2010-12-23,938,NA,NA,NA
2010-12-27,939,NA,NA,NA
2010-12-28,940,NA,NA,NA
2010-12-29,941,NA,NA,NA
2010-12-30,942,NA,NA,NA
2010-12-31,943,NA,NA,NA
2011-01-03,944,NA,NA,NA
2011-01-04,945,NA,NA,NA
2011-01-05,946,NA,NA,NA
2011-01-06,947,NA,NA,NA
2011-01-07,948,NA,NA,NA
2011-01-10,949,NA,NA,NA
2011-01-11,950,NA,NA,NA
2011-01-12,951,NA,NA,NA
2011-01-13,952,NA,NA,NA
2011-01-14,953,NA,NA,NA
2011-01-18,954,NA,NA,NA
2011-01-19,955,NA,NA,NA
2011-01-20,956,NA,NA,NA
2011-01-21,957,NA,NA,NA
2011-01-24,958,NA,NA,NA
2011-01-25,959,NA,NA,NA
2011-01-26,960,NA,NA,NA
2011-01-27,961,NA,NA,NA
2011-01-28,962,NA,NA,NA
2011-01-31,963,NA,NA,NA
2011-02-01,964,NA,NA,NA
2011-02-02,965,NA,NA,NA
2011-02-03,966,NA,NA,NA
2011-02-04,967,NA,NA,NA
2011-02-07,968,NA,NA,NA
2011-02-08,969,NA,NA,NA
2011-02-09,970,NA,NA,NA
2011-02-10,971,NA,NA,NA
2011-02-11,972,NA,NA,NA
2011-02-14,973,NA,NA,NA
2011-02-15,974,NA,NA,NA
2011-02-16,975,NA,NA,NA
2011-02-17,976,NA,NA,NA
2011-02-18,977,NA,NA,NA
2011-02-22,978,NA,NA,NA
2011-02-23,979,NA,NA,NA
2011-02-24,980,NA,NA,NA
2011-02-25,981,NA,NA,NA
2011-02-28,982,NA,NA,NA
2011-03-01,983,NA,NA,NA
2011-03-02,984,NA,NA,NA
2011-03-03,985,NA,NA,NA
2011-03-04,986,NA,NA,NA
2011-03-07,987,NA,NA,NA
2011-03-08,988,NA,NA,NA
2011-03-09,989,NA,NA,NA
2011-03-10,990,NA,NA,NA
2011-03-11,991,NA,NA,NA
2011-03-14,992,NA,NA,NA
2011-03-15,993,NA,NA,NA
2011-03-16,994,NA,NA,NA
2011-03-17,995,NA,NA,NA
2011-03-18,996,NA,NA,NA
2011-03-21,997,NA,NA,NA
2011-03-22,998,NA,NA,NA
2011-03-23,999,NA,NA,NA
2011-03-24,1000,NA,NA,NA
2011-03-25,1001,NA,NA,NA
2011-03-28,1002,NA,NA,NA
2011-03-29,1003,NA,NA,NA
2011-03-30,1004,NA,NA,NA
2011-03-31,1005,NA,NA,NA
2011-04-01,1006,NA,NA,NA
2011-04-04,1007,NA,NA,NA
2011-04-05,1008,NA,NA,NA
2011-04-06,1009,NA,NA,NA
2011-04-07,1010,NA,NA,NA
2011-04-08,1011,NA,NA,NA
2011-04-11,1012,NA,NA,NA
2011-04-12,1013,NA,NA,NA
2011-04-13,1014,NA,NA,NA
2011-04-14,1015,NA,NA,NA
2011-04-15,1016,NA,NA,NA
2011-04-18,1017,NA,NA,NA
2011-04-19,1018,NA,NA,NA
2011-04-20,1019,NA,NA,NA
2011-04-21,1020,NA,NA,NA
2011-04-25,1021,NA,NA,NA
2011-04-26,1022,NA,NA,NA
2011-04-27,1023,NA,NA,NA
2011-04-28,1024,NA,NA,NA
2011-04-29,1025,NA,NA,NA
2011-05-02,1026,NA,NA,NA
2011-05-03,1027,NA,NA,NA
2011-05-04,1028,NA,NA,NA
2011-05-05,1029,NA,NA,NA
2011-05-06,1030,NA,NA,NA
2011-05-09,1031,NA,NA,NA
2011-05-10,1032,NA,NA,NA
2011-05-11,1033,NA,NA,NA
2011-05-12,1034,NA,NA,NA
2011-05-13,1035,NA,NA,NA
2011-05-16,1036,NA,NA,NA
2011-05-17,1037,NA,NA,NA
2011-05-18,1038,NA,NA,NA
2011-05-19,1039,NA,NA,NA
2011-05-20,1040,NA,NA,NA
2011-05-23,1041,NA,NA,NA
2011-05-24,1042,NA,NA,NA
2011-05-25,1043,NA,NA,NA
2011-05-26,1044,NA,NA,NA
2011-05-27,1045,NA,NA,NA
2011-05-31,1046,NA,NA,NA
2011-06-01,1047,NA,NA,NA
2011-06-02,1048,NA,NA,NA
2011-06-03,1049,NA,NA,NA
2011-06-06,1050,NA,NA,NA
2011-06-07,1051,NA,NA,NA
2011-06-08,1052,NA,NA,NA
2011-06-09,1053,NA,NA,NA
2011-06-10,1054,NA,NA,NA
2011-06-13,1055,NA,NA,NA
2011-06-14,1056,NA,NA,NA
2011-06-15,1057,NA,NA,NA
2011-06-16,1058,NA,NA,NA
2011-06-17,1059,NA,NA,NA
2011-06-20,1060,NA,NA,NA
2011-06-21,1061,NA,NA,NA
2011-06-22,1062,NA,NA,NA
2011-06-23,1063,NA,NA,NA
2011-06-24,1064,NA,NA,NA
2011-06-27,1065,NA,NA,NA
2011-06-28,1066,NA,NA,NA
2011-06-29,1067,NA,NA,NA
2011-06-30,1068,NA,NA,NA
2011-07-01,1069,NA,NA,NA
2011-07-05,1070,NA,NA,NA
2011-07-06,1071,NA,NA,NA
2011-07-07,1072,NA,NA,NA
2011-07-08,1073,NA,NA,NA
2011-07-11,1074,NA,NA,NA
2011-07-12,1075,NA,NA,NA
2011-07-13,1076,NA,NA,NA
2011-07-14,1077,NA,NA,NA
2011-07-15,1078,NA,NA,NA
2011-07-18,1079,NA,NA,NA
2011-07-19,1080,NA,NA,NA
2011-07-20,1081,NA,NA,NA
2011-07-21,1082,NA,NA,NA
2011-07-22,1083,NA,NA,NA
2011-07-25,1084,NA,NA,NA
2011-07-26,1085,NA,NA,NA
2011-07-27,1086,NA,NA,NA
2011-07-28,1087,NA,NA,NA
2011-07-29,1088,NA,NA,NA
2011-08-01,1089,NA,NA,NA
2011-08-02,1090,NA,NA,NA
2011-08-03,1091,NA,NA,NA
2011-08-04,1092,NA,NA,NA
2011-08-05,1093,NA,NA,NA
2011-08-08,1094,NA,NA,NA
2011-08-09,1095,NA,NA,NA
2011-08-10,1096,NA,NA,NA
2011-08-11,1097,NA,NA,NA
2011-08-12,1098,NA,NA,NA
2011-08-15,1099,NA,NA,NA
2011-08-16,1100,NA,NA,NA
2011-08-17,1101,NA,NA,NA
2011-08-18,1102,NA,NA,NA
2011-08-19,1103,NA,NA,NA
2011-08-22,1104,NA,NA,NA
2011-08-23,1105,NA,NA,NA
2011-08-24,1106,NA,NA,NA
2011-08-25,1107,NA,NA,NA
2011-08-26,1108,NA,NA,NA
2011-08-29,1109,NA,NA,NA
2011-08-30,1110,NA,NA,NA
2011-08-31,1111,NA,NA,NA
2011-09-01,1112,NA,NA,NA
2011-09-02,1113,NA,NA,NA
2011-09-06,1114,NA,NA,NA
2011-09-07,1115,NA,NA,NA
2011-09-08,1116,NA,NA,NA
2011-09-09,1117,NA,NA,NA
2011-09-12,1118,NA,NA,NA
2011-09-13,1119,NA,NA,NA
2011-09-14,1120,NA,NA,NA
2011-09-15,1121,NA,NA,NA
2011-09-16,1122,NA,NA,NA
2011-09-19,1123,NA,NA,NA
2011-09-20,1124,NA,NA,NA
2011-09-21,1125,NA,NA,NA
2011-09-22,1126,NA,NA,NA
2011-09-23,1127,NA,NA,NA
2011-09-26,1128,NA,NA,NA
2011-09-27,1129,NA,NA,NA
2011-09-28,1130,NA,NA,NA
2011-09-29,1131,NA,NA,NA
2011-09-30,1132,NA,NA,NA
2011-10-03,1133,NA,NA,NA
2011-10-04,1134,NA,NA,NA
2011-10-05,1135,NA,NA,NA
2011-10-06,1136,NA,NA,NA
2011-10-07,1137,NA,NA,NA
2011-10-10,1138,NA,NA,NA
2011-10-11,1139,NA,NA,NA
2011-10-12,1140,NA,NA,NA
2011-10-13,1141,NA,NA,NA
2011-10-14,1142,NA,NA,NA
2011-10-17,1143,NA,NA,NA
2011-10-18,1144,NA,NA,NA
2011-10-19,1145,NA,NA,NA
2011-10-20,1146,NA,NA,NA
2011-10-21,1147,NA,NA,NA
2011-10-24,1148,NA,NA,NA
2011-10-25,1149,NA,NA,NA
2011-10-26,1150,NA,NA,NA
2011-10-27,1151,NA,NA,NA
2011-10-28,1152,NA,NA,NA
2011-10-31,1153,NA,NA,NA
2011-11-01,1154,NA,NA,NA
2011-11-02,1155,NA,NA,NA
2011-11-03,1156,NA,NA,NA
2011-11-04,1157,NA,NA,NA
2011-11-07,1158,NA,NA,NA
2011-11-08,1159,NA,NA,NA
2011-11-09,1160,NA,NA,NA
2011-11-10,1161,NA,NA,NA
2011-11-11,1162,NA,NA,NA
2011-11-14,1163,NA,NA,NA
2011-11-15,1164,NA,NA,NA
2011-11-16,1165,NA,NA,NA
2011-11-17,1166,NA,NA,NA
2011-11-18,1167,NA,NA,NA
2011-11-21,1168,NA,NA,NA
2011-11-22,1169,NA,NA,NA
2011-11-23,1170,NA,NA,NA
2011-11-25,1171,NA,NA,NA
2011-11-28,1172,NA,NA,NA
2011-11-29,1173,NA,NA,NA
2011-11-30,1174,NA,NA,NA
2011-12-01,1175,NA,NA,NA
2011-12-02,1176,NA,NA,NA
2011-12-05,1177,NA,NA,NA
2011-12-06,1178,NA,NA,NA
2011-12-07,1179,NA,NA,NA
2011-12-08,1180,NA,NA,NA
2011-12-09,1181,NA,NA,NA
2011-12-12,1182,NA,NA,NA
2011-12-13,1183,NA,NA,NA
2011-12-14,1184,NA,NA,NA
2011-12-15,1185,NA,NA,NA
2011-12-16,1186,NA,NA,NA
2011-12-19,1187,NA,NA,NA
2011-12-20,1188,NA,NA,NA
2011-12-21,1189,NA,NA,NA
2011-12-22,1190,NA,NA,NA
2011-12-23,1191,NA,NA,NA
2011-12-27,1192,NA,NA,NA
2011-12-28,1193,NA,NA,NA
2011-12-29,1194,NA,NA,NA
2011-12-30,1195,NA,NA,NA
2012-01-03,1196,NA,NA,NA
2012-01-04,1197,NA,NA,NA
2012-01-05,1198,NA,NA,NA
2012-01-06,1199,NA,NA,NA
2012-01-09,1200,NA,NA,NA
2012-01-10,1201,NA,NA,NA
2012-01-11,1202,NA,NA,NA
2012-01-12,1203,NA,NA,NA
2012-01-13,1204,NA,NA,NA
2012-01-17,1205,NA,NA,NA
2012-01-18,1206,NA,NA,NA
2012-01-19,1207,NA,NA,NA
2012-01-20,1208,NA,NA,NA
2012-01-23,1209,NA,NA,NA
2012-01-24,1210,NA,NA,NA
2012-01-25,1211,NA,NA,NA
2012-01-26,1212,NA,NA,NA
2012-01-27,1213,NA,NA,NA
2012-01-30,1214,NA,NA,NA
2012-01-31,1215,NA,NA,NA
2012-02-01,1216,NA,NA,NA
2012-02-02,1217,NA,NA,NA
2012-02-03,1218,NA,NA,NA
2012-02-06,1219,NA,NA,NA
2012-02-07,1220,NA,NA,NA
2012-02-08,1221,NA,NA,NA
2012-02-09,1222,NA,NA,NA
2012-02-10,1223,NA,NA,NA
2012-02-13,1224,NA,NA,NA
2012-02-14,1225,NA,NA,NA
2012-02-15,1226,NA,NA,NA
2012-02-16,1227,NA,NA,NA
2012-02-17,1228,NA,NA,NA
2012-02-21,1229,NA,NA,NA
2012-02-22,1230,NA,NA,NA
2012-02-23,1231,NA,NA,NA
2012-02-24,1232,NA,NA,NA
2012-02-27,1233,NA,NA,NA
2012-02-28,1234,NA,NA,NA
2012-02-29,1235,NA,NA,NA
2012-03-01,1236,NA,NA,NA
2012-03-02,1237,NA,NA,NA
2012-03-05,1238,NA,NA,NA
2012-03-06,1239,NA,NA,NA
2012-03-07,1240,NA,NA,NA
2012-03-08,1241,NA,NA,NA
2012-03-09,1242,NA,NA,NA
2012-03-12,1243,NA,NA,NA
2012-03-13,1244,NA,NA,NA
2012-03-14,1245,NA,NA,NA
2012-03-15,1246,NA,NA,NA
2012-03-16,1247,NA,NA,NA
2012-03-19,1248,NA,NA,NA
2012-03-20,1249,NA,NA,NA
2012-03-21,1250,NA,NA,NA
2012-03-22,1251,NA,NA,NA
2012-03-23,1252,NA,NA,NA
2012-03-26,1253,NA,NA,NA
2012-03-27,1254,NA,NA,NA
2012-03-28,1255,NA,NA,NA
2012-03-29,1256,NA,NA,NA
2012-03-30,1257,NA,NA,NA
2012-04-02,1258,NA,NA,NA
2012-04-03,1259,NA,NA,NA
2012-04-04,1260,NA,NA,NA
2012-04-05,1261,NA,NA,NA
2012-04-09,1262,NA,NA,NA
2012-04-10,1263,NA,NA,NA
2012-04-11,1264,NA,NA,NA
2012-04-12,1265,NA,NA,NA
2012-04-13,1266,NA,NA,NA
2012-04-16,1267,NA,NA,NA
2012-04-17,1268,NA,NA,NA
2012-04-18,1269,NA,NA,NA
2012-04-19,1270,NA,NA,NA
2012-04-20,1271,NA,NA,NA
2012-04-23,1272,NA,NA,NA
2012-04-24,1273,NA,NA,NA
2012-04-25,1274,NA,NA,NA
2012-04-26,1275,NA,NA,NA
2012-04-27,1276,NA,NA,NA
2012-04-30,1277,NA,NA,NA
2012-05-01,1278,NA,NA,NA
2012-05-02,1279,NA,NA,NA
2012-05-03,1280,NA,NA,NA
2012-05-04,1281,NA,NA,NA
2012-05-07,1282,NA,NA,NA
2012-05-08,1283,NA,NA,NA
2012-05-09,1284,NA,NA,NA
2012-05-10,1285,NA,NA,NA
2012-05-11,1286,NA,NA,NA
2012-05-14,1287,NA,NA,NA
2012-05-15,1288,NA,NA,NA
2012-05-16,1289,NA,NA,NA
2012-05-17,1290,NA,NA,NA
2012-05-18,1291,NA,NA,NA
2012-05-21,1292,NA,NA,NA
2012-05-22,1293,NA,NA,NA
2012-05-23,1294,NA,NA,NA
2012-05-24,1295,NA,NA,NA
2012-05-25,1296,NA,NA,NA
2012-05-29,1297,NA,NA,NA
2012-05-30,1298,NA,NA,NA
2012-05-31,1299,NA,NA,NA
2012-06-01,1300,NA,NA,NA
2012-06-04,1301,NA,NA,NA
2012-06-05,1302,NA,NA,NA
2012-06-06,1303,NA,NA,NA
2012-06-07,1304,NA,NA,NA
2012-06-08,1305,NA,NA,NA
2012-06-11,1306,NA,NA,NA
2012-06-12,1307,NA,NA,NA
2012-06-13,1308,NA,NA,NA
2012-06-14,1309,NA,NA,NA
2012-06-15,1310,NA,NA,NA
2012-06-18,1311,NA,NA,NA
2012-06-19,1312,NA,NA,NA
2012-06-20,1313,NA,NA,NA
2012-06-21,1314,NA,NA,NA
2012-06-22,1315,NA,NA,NA
2012-06-25,1316,NA,NA,NA
2012-06-26,1317,NA,NA,NA
2012-06-27,1318,NA,NA,NA
2012-06-28,1319,NA,NA,NA
2012-06-29,1320,NA,NA,NA
2012-07-02,1321,NA,NA,NA
2012-07-03,1322,NA,NA,NA
2012-07-05,1323,NA,NA,NA
2012-07-06,1324,NA,NA,NA
2012-07-09,1325,NA,NA,NA
2012-07-10,1326,NA,NA,NA
2012-07-11,1327,NA,NA,NA
2012-07-12,1328,NA,NA,NA
2012-07-13,1329,NA,NA,NA
2012-07-16,1330,NA,NA,NA
2012-07-17,1331,NA,NA,NA
2012-07-18,1332,NA,NA,NA
2012-07-19,1333,NA,NA,NA
2012-07-20,1334,NA,NA,NA
2012-07-23,1335,NA,NA,NA
2012-07-24,1336,NA,NA,NA
2012-07-25,1337,NA,NA,NA
2012-07-26,1338,NA,NA,NA
2012-07-27,1339,NA,NA,NA
2012-07-30,1340,NA,NA,NA
2012-07-31,1341,NA,NA,NA
2012-08-01,1342,NA,NA,NA
2012-08-02,1343,NA,NA,NA
2012-08-03,1344,NA,NA,NA
2012-08-06,1345,NA,NA,NA
2012-08-07,1346,NA,NA,NA
2012-08-08,1347,NA,NA,NA
2012-08-09,1348,NA,NA,NA
2012-08-10,1349,NA,NA,NA
2012-08-13,1350,NA,NA,NA
2012-08-14,1351,NA,NA,NA
2012-08-15,1352,NA,NA,NA
2012-08-16,1353,NA,NA,NA
2012-08-17,1354,NA,NA,NA
2012-08-20,1355,NA,NA,NA
2012-08-21,1356,NA,NA,NA
2012-08-22,1357,NA,NA,NA
2012-08-23,1358,NA,NA,NA
2012-08-24,1359,NA,NA,NA
2012-08-27,1360,NA,NA,NA
2012-08-28,1361,NA,NA,NA
2012-08-29,1362,NA,NA,NA
2012-08-30,1363,NA,NA,NA
2012-08-31,1364,NA,NA,NA
2012-09-04,1365,NA,NA,NA
2012-09-05,1366,NA,NA,NA
2012-09-06,1367,NA,NA,NA
2012-09-07,1368,NA,NA,NA
2012-09-10,1369,NA,NA,NA
2012-09-11,1370,NA,NA,NA
2012-09-12,1371,NA,NA,NA
2012-09-13,1372,NA,NA,NA
2012-09-14,1373,NA,NA,NA
2012-09-17,1374,NA,NA,NA
2012-09-18,1375,NA,NA,NA
2012-09-19,1376,NA,NA,NA
2012-09-20,1377,NA,NA,NA
2012-09-21,1378,NA,NA,NA
2012-09-24,1379,NA,NA,NA
2012-09-25,1380,NA,NA,NA
2012-09-26,1381,NA,NA,NA
2012-09-27,1382,NA,NA,NA
2012-09-28,1383,NA,NA,NA
2012-10-01,1384,NA,NA,NA
2012-10-02,1385,NA,NA,NA
2012-10-03,1386,NA,NA,NA
2012-10-04,1387,NA,NA,NA
2012-10-05,1388,NA,NA,NA
2012-10-08,1389,NA,NA,NA
2012-10-09,1390,NA,NA,NA
2012-10-10,1391,NA,NA,NA
2012-10-11,1392,NA,NA,NA
2012-10-12,1393,NA,NA,NA
2012-10-15,1394,NA,NA,NA
2012-10-16,1395,NA,NA,NA
2012-10-17,1396,NA,NA,NA
2012-10-18,1397,NA,NA,NA
2012-10-19,1398,NA,NA,NA
2012-10-22,1399,NA,NA,NA
2012-10-23,1400,NA,NA,NA
2012-10-24,1401,NA,NA,NA
2012-10-25,1402,NA,NA,NA
2012-10-26,1403,NA,NA,NA
2012-10-31,1404,NA,NA,NA
2012-11-01,1405,NA,NA,NA
2012-11-02,1406,NA,NA,NA
2012-11-05,1407,NA,NA,NA
2012-11-06,1408,NA,NA,NA
2012-11-07,1409,NA,NA,NA
2012-11-08,1410,NA,NA,NA
2012-11-09,1411,NA,NA,NA
2012-11-12,1412,NA,NA,NA
2012-11-13,1413,NA,NA,NA
2012-11-14,1414,NA,NA,NA
2012-11-15,1415,NA,NA,NA
2012-11-16,1416,NA,NA,NA
2012-11-19,1417,NA,NA,NA
2012-11-20,1418,NA,NA,NA
2012-11-21,1419,NA,NA,NA
2012-11-23,1420,NA,NA,NA
2012-11-26,1421,NA,NA,NA
2012-11-27,1422,NA,NA,NA
2012-11-28,1423,NA,NA,NA
2012-11-29,1424,NA,NA,NA
2012-11-30,1425,NA,NA,NA
2012-12-03,1426,NA,NA,NA
2012-12-04,1427,NA,NA,NA
2012-12-05,1428,NA,NA,NA
2012-12-06,1429,NA,NA,NA
2012-12-07,1430,NA,NA,NA
2012-12-10,1431,NA,NA,NA
2012-12-11,1432,NA,NA,NA
2012-12-12,1433,NA,NA,NA
2012-12-13,1434,NA,NA,NA
2012-12-14,1435,NA,NA,NA
2012-12-17,1436,NA,NA,NA
2012-12-18,1437,NA,NA,NA
2012-12-19,1438,NA,NA,NA
2012-12-20,1439,NA,NA,NA
2012-12-21,1440,NA,NA,NA
2012-12-24,1441,NA,NA,NA
2012-12-26,1442,NA,NA,NA
2012-12-27,1443,NA,NA,NA
2012-12-28,1444,NA,NA,NA
2012-12-31,1445,NA,NA,NA
2013-01-02,1446,NA,NA,NA
2013-01-03,1447,NA,NA,NA
2013-01-04,1448,NA,NA,NA
2013-01-07,1449,NA,NA,NA
2013-01-08,1450,NA,NA,NA
2013-01-09,1451,NA,NA,NA
2013-01-10,1452,NA,NA,NA
2013-01-11,1453,NA,NA,NA
2013-01-14,1454,NA,NA,NA
2013-01-15,1455,NA,NA,NA
2013-01-16,1456,NA,NA,NA
2013-01-17,1457,NA,NA,NA
2013-01-18,1458,NA,NA,NA
2013-01-22,1459,NA,NA,NA
2013-01-23,1460,NA,NA,NA
2013-01-24,1461,NA,NA,NA
2013-01-25,1462,NA,NA,NA
2013-01-28,1463,NA,NA,NA
2013-01-29,1464,NA,NA,NA
2013-01-30,1465,NA,NA,NA
2013-01-31,1466,NA,NA,NA
2013-02-01,1467,NA,NA,NA
2013-02-04,1468,NA,NA,NA
2013-02-05,1469,NA,NA,NA
2013-02-06,1470,NA,NA,NA
2013-02-07,1471,NA,NA,NA
2013-02-08,1472,NA,NA,NA
2013-02-11,1473,NA,NA,NA
2013-02-12,1474,NA,NA,NA
2013-02-13,1475,NA,NA,NA
2013-02-14,1476,NA,NA,NA
2013-02-15,1477,NA,NA,NA
2013-02-19,1478,NA,NA,NA
2013-02-20,1479,NA,NA,NA
2013-02-21,1480,NA,NA,NA
2013-02-22,1481,NA,NA,NA
2013-02-25,1482,NA,NA,NA
2013-02-26,1483,NA,NA,NA
2013-02-27,1484,NA,NA,NA
2013-02-28,1485,NA,NA,NA
2013-03-01,1486,NA,NA,NA
2013-03-04,1487,NA,NA,NA
2013-03-05,1488,NA,NA,NA
2013-03-06,1489,NA,NA,NA
2013-03-07,1490,NA,NA,NA
2013-03-08,1491,NA,NA,NA
2013-03-11,1492,NA,NA,NA
2013-03-12,1493,NA,NA,NA
2013-03-13,1494,NA,NA,NA
2013-03-14,1495,NA,NA,NA
2013-03-15,1496,NA,NA,NA
2013-03-18,1497,NA,NA,NA
2013-03-19,1498,NA,NA,NA
2013-03-20,1499,NA,NA,NA
2013-03-21,1500,NA,NA,NA
2013-03-22,1501,NA,NA,NA
2013-03-25,1502,NA,NA,NA
2013-03-26,1503,NA,NA,NA
2013-03-27,1504,NA,NA,NA
2013-03-28,1505,NA,NA,NA
2013-04-01,1506,NA,NA,NA
2013-04-02,1507,NA,NA,NA
2013-04-03,1508,NA,NA,NA
2013-04-04,1509,NA,NA,NA
2013-04-05,1510,NA,NA,NA
2013-04-08,1511,NA,NA,NA
2013-04-09,1512,NA,NA,NA
2013-04-10,1513,NA,NA,NA
2013-04-11,1514,NA,NA,NA
2013-04-12,1515,NA,NA,NA
2013-04-15,1516,NA,NA,NA
2013-04-16,1517,NA,NA,NA
2013-04-17,1518,NA,NA,NA
2013-04-18,1519,NA,NA,NA
2013-04-19,1520,NA,NA,NA
2013-04-22,1521,NA,NA,NA
2013-04-23,1522,NA,NA,NA
2013-04-24,1523,NA,NA,NA
2013-04-25,1524,NA,NA,NA
2013-04-26,1525,NA,NA,NA
2013-04-29,1526,NA,NA,NA
2013-04-30,1527,NA,NA,NA
2013-05-01,1528,NA,NA,NA
2013-05-02,1529,NA,NA,NA
2013-05-03,1530,NA,NA,NA
2013-05-06,1531,NA,NA,NA
2013-05-07,1532,NA,NA,NA
2013-05-08,1533,NA,NA,NA
2013-05-09,1534,NA,NA,NA
2013-05-10,1535,NA,NA,NA
2013-05-13,1536,NA,NA,NA
2013-05-14,1537,NA,NA,NA
2013-05-15,1538,NA,NA,NA
2013-05-16,1539,NA,NA,NA
2013-05-17,1540,NA,NA,NA
2013-05-20,1541,NA,NA,NA
2013-05-21,1542,NA,NA,NA
2013-05-22,1543,NA,NA,NA
2013-05-23,1544,NA,NA,NA
2013-05-24,1545,NA,NA,NA
2013-05-28,1546,NA,NA,NA
2013-05-29,1547,NA,NA,NA
2013-05-30,1548,NA,NA,NA
2013-05-31,1549,NA,NA,NA
2013-06-03,1550,NA,NA,NA
2013-06-04,1551,NA,NA,NA
2013-06-05,1552,NA,NA,NA
2013-06-06,1553,NA,NA,NA
2013-06-07,1554,NA,NA,NA
2013-06-10,1555,NA,NA,NA
2013-06-11,1556,NA,NA,NA
2013-06-12,1557,NA,NA,NA
2013-06-13,1558,NA,NA,NA
2013-06-14,1559,NA,NA,NA
2013-06-17,1560,NA,NA,NA
2013-06-18,1561,NA,NA,NA
2013-06-19,1562,NA,NA,NA
2013-06-20,1563,NA,NA,NA
2013-06-21,1564,NA,NA,NA
2013-06-24,1565,NA,NA,NA
2013-06-25,1566,NA,NA,NA
2013-06-26,1567,NA,NA,NA
2013-06-27,1568,NA,NA,NA
2013-06-28,1569,NA,NA,NA
2013-07-01,1570,NA,NA,NA
2013-07-02,1571,NA,NA,NA
2013-07-03,1572,NA,NA,NA
2013-07-05,1573,NA,NA,NA
2013-07-08,1574,NA,NA,NA
2013-07-09,1575,NA,NA,NA
2013-07-10,1576,NA,NA,NA
2013-07-11,1577,NA,NA,NA
2013-07-12,1578,NA,NA,NA
2013-07-15,1579,NA,NA,NA
2013-07-16,1580,NA,NA,NA
2013-07-17,1581,NA,NA,NA
2013-07-18,1582,NA,NA,NA
2013-07-19,1583,NA,NA,NA
2013-07-22,1584,NA,NA,NA
2013-07-23,1585,NA,NA,NA
2013-07-24,1586,NA,NA,NA
2013-07-25,1587,NA,NA,NA
2013-07-26,1588,NA,NA,NA
2013-07-29,1589,NA,NA,NA
2013-07-30,1590,NA,NA,NA
2013-07-31,1591,NA,NA,NA
2013-08-01,1592,NA,NA,NA
2013-08-02,1593,NA,NA,NA
2013-08-05,1594,NA,NA,NA
2013-08-06,1595,NA,NA,NA
2013-08-07,1596,NA,NA,NA
2013-08-08,1597,NA,NA,NA
2013-08-09,1598,NA,NA,NA
2013-08-12,1599,NA,NA,NA
2013-08-13,1600,NA,NA,NA
2013-08-14,1601,NA,NA,NA
2013-08-15,1602,NA,NA,NA
2013-08-16,1603,NA,NA,NA
2013-08-19,1604,NA,NA,NA
2013-08-20,1605,NA,NA,NA
2013-08-21,1606,NA,NA,NA
2013-08-22,1607,NA,NA,NA
2013-08-23,1608,NA,NA,NA
2013-08-26,1609,NA,NA,NA
2013-08-27,1610,NA,NA,NA
2013-08-28,1611,NA,NA,NA
2013-08-29,1612,NA,NA,NA
2013-08-30,1613,NA,NA,NA
2013-09-03,1614,NA,NA,NA
2013-09-04,1615,NA,NA,NA
2013-09-05,1616,NA,NA,NA
2013-09-06,1617,NA,NA,NA
2013-09-09,1618,NA,NA,NA
2013-09-10,1619,NA,NA,NA
2013-09-11,1620,NA,NA,NA
2013-09-12,1621,NA,NA,NA
2013-09-13,1622,NA,NA,NA
2013-09-16,1623,NA,NA,NA
2013-09-17,1624,NA,NA,NA
2013-09-18,1625,NA,NA,NA
2013-09-19,1626,NA,NA,NA
2013-09-20,1627,NA,NA,NA
2013-09-23,1628,NA,NA,NA
2013-09-24,1629,NA,NA,NA
2013-09-25,1630,NA,NA,NA
2013-09-26,1631,NA,NA,NA
2013-09-27,1632,NA,NA,NA
2013-09-30,1633,NA,NA,NA
2013-10-01,1634,NA,NA,NA
2013-10-02,1635,NA,NA,NA
2013-10-03,1636,NA,NA,NA
2013-10-04,1637,NA,NA,NA
2013-10-07,1638,NA,NA,NA
2013-10-08,1639,NA,NA,NA
2013-10-09,1640,NA,NA,NA
2013-10-10,1641,NA,NA,NA
2013-10-11,1642,NA,NA,NA
2013-10-14,1643,NA,NA,NA
2013-10-15,1644,NA,NA,NA
2013-10-16,1645,NA,NA,NA
2013-10-17,1646,NA,NA,NA
2013-10-18,1647,NA,NA,NA
2013-10-21,1648,NA,NA,NA
2013-10-22,1649,NA,NA,NA
2013-10-23,1650,NA,NA,NA
2013-10-24,1651,NA,NA,NA
2013-10-25,1652,NA,NA,NA
2013-10-28,1653,NA,NA,NA
2013-10-29,1654,NA,NA,NA
2013-10-30,1655,NA,NA,NA
2013-10-31,1656,NA,NA,NA
2013-11-01,1657,NA,NA,NA
2013-11-04,1658,NA,NA,NA
2013-11-05,1659,NA,NA,NA
2013-11-06,1660,NA,NA,NA
2013-11-07,1661,NA,NA,NA
2013-11-08,1662,NA,NA,NA
2013-11-11,1663,NA,NA,NA
2013-11-12,1664,NA,NA,NA
2013-11-13,1665,NA,NA,NA
2013-11-14,1666,NA,NA,NA
2013-11-15,1667,NA,NA,NA
2013-11-18,1668,NA,NA,NA
2013-11-19,1669,NA,NA,NA
2013-11-20,1670,NA,NA,NA
2013-11-21,1671,NA,NA,NA
2013-11-22,1672,NA,NA,NA
2013-11-25,1673,NA,NA,NA
2013-11-26,1674,NA,NA,NA
2013-11-27,1675,NA,NA,NA
2013-11-29,1676,NA,NA,NA
2013-12-02,1677,NA,NA,NA
2013-12-03,1678,NA,NA,NA
2013-12-04,1679,NA,NA,NA
2013-12-05,1680,NA,NA,NA
2013-12-06,1681,NA,NA,NA
2013-12-09,1682,NA,NA,NA
2013-12-10,1683,NA,NA,NA
2013-12-11,1684,NA,NA,NA
2013-12-12,1685,NA,NA,NA
2013-12-13,1686,NA,NA,NA
2013-12-16,1687,NA,NA,NA
2013-12-17,1688,NA,NA,NA
2013-12-18,1689,NA,NA,NA
2013-12-19,1690,NA,NA,NA
2013-12-20,1691,NA,NA,NA
2013-12-23,1692,NA,NA,NA
2013-12-24,1693,NA,NA,NA
2013-12-26,1694,NA,NA,NA
2013-12-27,1695,NA,NA,NA
2013-12-30,1696,NA,NA,NA
2013-12-31,1697,NA,NA,NA
2014-01-02,1698,NA,NA,NA
2014-01-03,1699,NA,NA,NA
2014-01-06,1700,NA,NA,NA
2014-01-07,1701,NA,NA,NA
2014-01-08,1702,NA,NA,NA
2014-01-09,1703,NA,NA,NA
2014-01-10,1704,NA,NA,NA
2014-01-13,1705,NA,NA,NA
2014-01-14,1706,NA,NA,NA
2014-01-15,1707,NA,NA,NA
2014-01-16,1708,NA,NA,NA
2014-01-17,1709,NA,NA,NA
2014-01-21,1710,NA,NA,NA
2014-01-22,1711,NA,NA,NA
2014-01-23,1712,NA,NA,NA
2014-01-24,1713,NA,NA,NA
2014-01-27,1714,NA,NA,NA
2014-01-28,1715,NA,NA,NA
2014-01-29,1716,NA,NA,NA
2014-01-30,1717,NA,NA,NA
2014-01-31,1718,NA,NA,NA
2014-02-03,1719,NA,NA,NA
2014-02-04,1720,NA,NA,NA
2014-02-05,1721,NA,NA,NA
2014-02-06,1722,NA,NA,NA
2014-02-07,1723,NA,NA,NA
2014-02-10,1724,NA,NA,NA
2014-02-11,1725,NA,NA,NA
2014-02-12,1726,NA,NA,NA
2014-02-13,1727,NA,NA,NA
2014-02-14,1728,NA,NA,NA
2014-02-18,1729,NA,NA,NA
2014-02-19,1730,NA,NA,NA
2014-02-20,1731,NA,NA,NA
2014-02-21,1732,NA,NA,NA
2014-02-24,1733,NA,NA,NA
2014-02-25,1734,NA,NA,NA
2014-02-26,1735,NA,NA,NA
2014-02-27,1736,NA,NA,NA
2014-02-28,1737,NA,NA,NA
2014-03-03,1738,NA,NA,NA
2014-03-04,1739,NA,NA,NA
2014-03-05,1740,NA,NA,NA
2014-03-06,1741,NA,NA,NA
2014-03-07,1742,NA,NA,NA
2014-03-10,1743,NA,NA,NA
2014-03-11,1744,NA,NA,NA
2014-03-12,1745,NA,NA,NA
2014-03-13,1746,NA,NA,NA
2014-03-14,1747,NA,NA,NA
2014-03-17,1748,NA,NA,NA
2014-03-18,1749,NA,NA,NA
2014-03-19,1750,NA,NA,NA
2014-03-20,1751,NA,NA,NA
2014-03-21,1752,NA,NA,NA
2014-03-24,1753,NA,NA,NA
2014-03-25,1754,NA,NA,NA
2014-03-26,1755,NA,NA,NA
2014-03-27,1756,NA,NA,NA
2014-03-28,1757,NA,NA,NA
2014-03-31,1758,NA,NA,NA
2014-04-01,1759,NA,NA,NA
2014-04-02,1760,NA,NA,NA
2014-04-03,1761,NA,NA,NA
2014-04-04,1762,NA,NA,NA
2014-04-07,1763,NA,NA,NA
2014-04-08,1764,NA,NA,NA
2014-04-09,1765,NA,NA,NA
2014-04-10,1766,NA,NA,NA
2014-04-11,1767,NA,NA,NA
2014-04-14,1768,NA,NA,NA
2014-04-15,1769,NA,NA,NA
2014-04-16,1770,NA,NA,NA
2014-04-17,1771,NA,NA,NA
2014-04-21,1772,NA,NA,NA
2014-04-22,1773,NA,NA,NA
2014-04-23,1774,NA,NA,NA
2014-04-24,1775,NA,NA,NA
2014-04-25,1776,NA,NA,NA
2014-04-28,1777,NA,NA,NA
2014-04-29,1778,NA,NA,NA
2014-04-30,1779,NA,NA,NA
2014-05-01,1780,NA,NA,NA
2014-05-02,1781,NA,NA,NA
2014-05-05,1782,NA,NA,NA
2014-05-06,1783,NA,NA,NA
2014-05-07,1784,NA,NA,NA
2014-05-08,1785,NA,NA,NA
2014-05-09,1786,NA,NA,NA
2014-05-12,1787,NA,NA,NA
2014-05-13,1788,NA,NA,NA
2014-05-14,1789,NA,NA,NA
2014-05-15,1790,NA,NA,NA
2014-05-16,1791,NA,NA,NA
2014-05-19,1792,NA,NA,NA
2014-05-20,1793,NA,NA,NA
2014-05-21,1794,NA,NA,NA
2014-05-22,1795,NA,NA,NA
2014-05-23,1796,NA,NA,NA
2014-05-27,1797,NA,NA,NA
2014-05-28,1798,NA,NA,NA
2014-05-29,1799,NA,NA,NA
2014-05-30,1800,NA,NA,NA
2014-06-02,1801,NA,NA,NA
2014-06-03,1802,NA,NA,NA
2014-06-04,1803,NA,NA,NA
2014-06-05,1804,NA,NA,NA
2014-06-06,1805,NA,NA,NA
2014-06-09,1806,NA,NA,NA
2014-06-10,1807,NA,NA,NA
2014-06-11,1808,NA,NA,NA
2014-06-12,1809,NA,NA,NA
2014-06-13,1810,NA,NA,NA
2014-06-16,1811,NA,NA,NA
2014-06-17,1812,NA,NA,NA
2014-06-18,1813,NA,NA,NA
2014-06-19,1814,NA,NA,NA
2014-06-20,1815,NA,NA,NA
2014-06-23,1816,NA,NA,NA
2014-06-24,1817,NA,NA,NA
2014-06-25,1818,NA,NA,NA
2014-06-26,1819,NA,NA,NA
2014-06-27,1820,NA,NA,NA
2014-06-30,1821,NA,NA,NA
2014-07-01,1822,NA,NA,NA
2014-07-02,1823,NA,NA,NA
2014-07-03,1824,NA,NA,NA
2014-07-07,1825,NA,NA,NA
2014-07-08,1826,NA,NA,NA
2014-07-09,1827,NA,NA,NA
2014-07-10,1828,NA,NA,NA
2014-07-11,1829,NA,NA,NA
2014-07-14,1830,NA,NA,NA
2014-07-15,1831,NA,NA,NA
2014-07-16,1832,NA,NA,NA
2014-07-17,1833,NA,NA,NA
2014-07-18,1834,NA,NA,NA
2014-07-21,1835,NA,NA,NA
2014-07-22,1836,NA,NA,NA
2014-07-23,1837,NA,NA,NA
2014-07-24,1838,NA,NA,NA
2014-07-25,1839,NA,NA,NA
2014-07-28,1840,NA,NA,NA
2014-07-29,1841,NA,NA,NA
2014-07-30,1842,NA,NA,NA
2014-07-31,1843,NA,NA,NA
2014-08-01,1844,NA,NA,NA
2014-08-04,1845,NA,NA,NA
2014-08-05,1846,NA,NA,NA
2014-08-06,1847,NA,NA,NA
2014-08-07,1848,NA,NA,NA
2014-08-08,1849,NA,NA,NA
2014-08-11,1850,NA,NA,NA
2014-08-12,1851,NA,NA,NA
2014-08-13,1852,NA,NA,NA
2014-08-14,1853,NA,NA,NA
2014-08-15,1854,NA,NA,NA
2014-08-18,1855,NA,NA,NA
2014-08-19,1856,NA,NA,NA
2014-08-20,1857,NA,NA,NA
2014-08-21,1858,NA,NA,NA
2014-08-22,1859,NA,NA,NA
2014-08-25,1860,NA,NA,NA
2014-08-26,1861,NA,NA,NA
2014-08-27,1862,NA,NA,NA
2014-08-28,1863,NA,NA,NA
2014-08-29,1864,NA,NA,NA
2014-09-02,1865,NA,NA,NA
2014-09-03,1866,NA,NA,NA
2014-09-04,1867,NA,NA,NA
2014-09-05,1868,NA,NA,NA
2014-09-08,1869,NA,NA,NA
2014-09-09,1870,NA,NA,NA
2014-09-10,1871,NA,NA,NA
2014-09-11,1872,NA,NA,NA
2014-09-12,1873,NA,NA,NA
2014-09-15,1874,NA,NA,NA
2014-09-16,1875,NA,NA,NA
2014-09-17,1876,NA,NA,NA
2014-09-18,1877,NA,NA,NA
2014-09-19,1878,NA,NA,NA
2014-09-22,1879,NA,NA,NA
2014-09-23,1880,NA,NA,NA
2014-09-24,1881,NA,NA,NA
2014-09-25,1882,NA,NA,NA
2014-09-26,1883,NA,NA,NA
2014-09-29,1884,NA,NA,NA
2014-09-30,1885,NA,NA,NA
2014-10-01,1886,NA,NA,NA
2014-10-02,1887,NA,NA,NA
2014-10-03,1888,NA,NA,NA
2014-10-06,1889,NA,NA,NA
2014-10-07,1890,NA,NA,NA
2014-10-08,1891,NA,NA,NA
2014-10-09,1892,NA,NA,NA
2014-10-10,1893,NA,NA,NA
2014-10-13,1894,NA,NA,NA
2014-10-14,1895,NA,NA,NA
2014-10-15,1896,NA,NA,NA
2014-10-16,1897,NA,NA,NA
2014-10-17,1898,NA,NA,NA
2014-10-20,1899,NA,NA,NA
2014-10-21,1900,NA,NA,NA
2014-10-22,1901,NA,NA,NA
2014-10-23,1902,NA,NA,NA
2014-10-24,1903,NA,NA,NA
2014-10-27,1904,NA,NA,NA
2014-10-28,1905,NA,NA,NA
2014-10-29,1906,NA,NA,NA
2014-10-30,1907,NA,NA,NA
2014-10-31,1908,NA,NA,NA
2014-11-03,1909,NA,NA,NA
2014-11-04,1910,NA,NA,NA
2014-11-05,1911,NA,NA,NA
2014-11-06,1912,NA,NA,NA
2014-11-07,1913,NA,NA,NA
2014-11-10,1914,NA,NA,NA
2014-11-11,1915,NA,NA,NA
2014-11-12,1916,NA,NA,NA
2014-11-13,1917,NA,NA,NA
2014-11-14,1918,NA,NA,NA
2014-11-17,1919,NA,NA,NA
2014-11-18,1920,NA,NA,NA
2014-11-19,1921,NA,NA,NA
2014-11-20,1922,NA,NA,NA
2014-11-21,1923,NA,NA,NA
2014-11-24,1924,NA,NA,NA
2014-11-25,1925,NA,NA,NA
2014-11-26,1926,NA,NA,NA
2014-11-28,1927,NA,NA,NA
2014-12-01,1928,NA,NA,NA
2014-12-02,1929,NA,NA,NA
2014-12-03,1930,NA,NA,NA
2014-12-04,1931,NA,NA,NA
2014-12-05,1932,NA,NA,NA
2014-12-08,1933,NA,NA,NA
2014-12-09,1934,NA,NA,NA
2014-12-10,1935,NA,NA,NA
2014-12-11,1936,NA,NA,NA
2014-12-12,1937,NA,NA,NA
2014-12-15,1938,NA,NA,NA
2014-12-16,1939,NA,NA,NA
2014-12-17,1940,NA,NA,NA
2014-12-18,1941,NA,NA,NA
2014-12-19,1942,NA,NA,NA
2014-12-22,1943,NA,NA,NA
2014-12-23,1944,NA,NA,NA
2014-12-24,1945,NA,NA,NA
2014-12-26,1946,NA,NA,NA
2014-12-29,1947,NA,NA,NA
2014-12-30,1948,NA,NA,NA
2014-12-31,1949,NA,NA,NA
2015-01-02,1950,NA,NA,NA
2015-01-05,1951,NA,NA,NA
2015-01-06,1952,NA,NA,NA
2015-01-07,1953,NA,NA,NA
2015-01-08,1954,NA,NA,NA
2015-01-09,1955,NA,NA,NA
2015-01-12,1956,NA,NA,NA
2015-01-13,1957,NA,NA,NA
2015-01-14,1958,NA,NA,NA
2015-01-15,1959,NA,NA,NA
2015-01-16,1960,NA,NA,NA
2015-01-20,1961,NA,NA,NA
2015-01-21,1962,NA,NA,NA
2015-01-22,1963,NA,NA,NA
2015-01-23,1964,NA,NA,NA
2015-01-26,1965,NA,NA,NA
2015-01-27,1966,NA,NA,NA
2015-01-28,1967,NA,NA,NA
2015-01-29,1968,NA,NA,NA
2015-01-30,1969,NA,NA,NA
2015-02-02,1970,NA,NA,NA
2015-02-03,1971,NA,NA,NA
2015-02-04,1972,NA,NA,NA
2015-02-05,1973,NA,NA,NA
2015-02-06,1974,NA,NA,NA
2015-02-09,1975,NA,NA,NA
2015-02-10,1976,NA,NA,NA
2015-02-11,1977,NA,NA,NA
2015-02-12,1978,NA,NA,NA
2015-02-13,1979,NA,NA,NA
2015-02-17,1980,NA,NA,NA
2015-02-18,1981,NA,NA,NA
2015-02-19,1982,NA,NA,NA
2015-02-20,1983,NA,NA,NA
2015-02-23,1984,NA,NA,NA
2015-02-24,1985,NA,NA,NA
2015-02-25,1986,NA,NA,NA
2015-02-26,1987,NA,NA,NA
2015-02-27,1988,NA,NA,NA
2015-03-02,1989,NA,NA,NA
2015-03-03,1990,NA,NA,NA
2015-03-04,1991,NA,NA,NA
2015-03-05,1992,NA,NA,NA
2015-03-06,1993,NA,NA,NA
2015-03-09,1994,NA,NA,NA
2015-03-10,1995,NA,NA,NA
2015-03-11,1996,NA,NA,NA
2015-03-12,1997,NA,NA,NA
2015-03-13,1998,NA,NA,NA
2015-03-16,1999,NA,NA,NA
2015-03-17,2000,NA,NA,NA
2015-03-18,2001,NA,NA,NA
2015-03-19,2002,NA,NA,NA
2015-03-20,2003,NA,NA,NA
2015-03-23,2004,NA,NA,NA
2015-03-24,2005,NA,NA,NA
2015-03-25,2006,NA,NA,NA
2015-03-26,2007,NA,NA,NA
2015-03-27,2008,NA,NA,NA
2015-03-30,2009,NA,NA,NA
2015-03-31,2010,NA,NA,NA
2015-04-01,2011,NA,NA,NA
2015-04-02,2012,NA,NA,NA
2015-04-06,2013,NA,NA,NA
2015-04-07,2014,NA,NA,NA
2015-04-08,2015,NA,NA,NA
2015-04-09,2016,NA,NA,NA
2015-04-10,2017,NA,NA,NA
2015-04-13,2018,NA,NA,NA
2015-04-14,2019,NA,NA,NA
2015-04-15,2020,NA,NA,NA
2015-04-16,2021,NA,NA,NA
2015-04-17,2022,NA,NA,NA
2015-04-20,2023,NA,NA,NA
2015-04-21,2024,NA,NA,NA
2015-04-22,2025,NA,NA,NA
2015-04-23,2026,NA,NA,NA
2015-04-24,2027,NA,NA,NA
2015-04-27,2028,NA,NA,NA
2015-04-28,2029,NA,NA,NA
2015-04-29,2030,NA,NA,NA
2015-04-30,2031,NA,NA,NA
2015-05-01,2032,NA,NA,NA
2015-05-04,2033,NA,NA,NA
2015-05-05,2034,NA,NA,NA
2015-05-06,2035,NA,NA,NA
2015-05-07,2036,NA,NA,NA
2015-05-08,2037,NA,NA,NA
2015-05-11,2038,NA,NA,NA
2015-05-12,2039,NA,NA,NA
2015-05-13,2040,NA,NA,NA
2015-05-14,2041,NA,NA,NA
2015-05-15,2042,NA,NA,NA
2015-05-18,2043,NA,NA,NA
2015-05-19,2044,NA,NA,NA
2015-05-20,2045,NA,NA,NA
2015-05-21,2046,NA,NA,NA
2015-05-22,2047,NA,NA,NA
2015-05-26,2048,NA,NA,NA
2015-05-27,2049,NA,NA,NA
2015-05-28,2050,NA,NA,NA
2015-05-29,2051,NA,NA,NA
2015-06-01,2052,NA,NA,NA
2015-06-02,2053,NA,NA,NA
2015-06-03,2054,NA,NA,NA
2015-06-04,2055,NA,NA,NA
2015-06-05,2056,NA,NA,NA
2015-06-08,2057,NA,NA,NA
2015-06-09,2058,NA,NA,NA
2015-06-10,2059,NA,NA,NA
2015-06-11,2060,NA,NA,NA
2015-06-12,2061,NA,NA,NA
2015-06-15,2062,NA,NA,NA
2015-06-16,2063,NA,NA,NA
2015-06-17,2064,NA,NA,NA
2015-06-18,2065,NA,NA,NA
2015-06-19,2066,NA,NA,NA
2015-06-22,2067,NA,NA,NA
2015-06-23,2068,NA,NA,NA
2015-06-24,2069,NA,NA,NA
2015-06-25,2070,NA,NA,NA
2015-06-26,2071,NA,NA,NA
2015-06-29,2072,NA,NA,NA
2015-06-30,2073,NA,NA,NA
2015-07-01,2074,NA,NA,NA
2015-07-02,2075,NA,NA,NA
2015-07-06,2076,NA,NA,NA
2015-07-07,2077,NA,NA,NA
2015-07-08,2078,NA,NA,NA
2015-07-09,2079,NA,NA,NA
2015-07-10,2080,NA,NA,NA
2015-07-13,2081,NA,NA,NA
2015-07-14,2082,NA,NA,NA
2015-07-15,2083,NA,NA,NA
2015-07-16,2084,NA,NA,NA
2015-07-17,2085,NA,NA,NA
2015-07-20,2086,NA,NA,NA
2015-07-21,2087,NA,NA,NA
2015-07-22,2088,NA,NA,NA
2015-07-23,2089,NA,NA,NA
2015-07-24,2090,NA,NA,NA
2015-07-27,2091,NA,NA,NA
2015-07-28,2092,NA,NA,NA
2015-07-29,2093,NA,NA,NA
2015-07-30,2094,NA,NA,NA
2015-07-31,2095,NA,NA,NA
2015-08-03,2096,NA,NA,NA
2015-08-04,2097,NA,NA,NA
2015-08-05,2098,NA,NA,NA
2015-08-06,2099,NA,NA,NA
2015-08-07,2100,NA,NA,NA
2015-08-10,2101,NA,NA,NA
2015-08-11,2102,NA,NA,NA
2015-08-12,2103,NA,NA,NA
2015-08-13,2104,NA,NA,NA
2015-08-14,2105,NA,NA,NA
2015-08-17,2106,NA,NA,NA
2015-08-18,2107,NA,NA,NA
2015-08-19,2108,NA,NA,NA
2015-08-20,2109,NA,NA,NA
2015-08-21,2110,NA,NA,NA
2015-08-24,2111,NA,NA,NA
2015-08-25,2112,NA,NA,NA
2015-08-26,2113,NA,NA,NA
2015-08-27,2114,NA,NA,NA
2015-08-28,2115,NA,NA,NA
2015-08-31,2116,NA,NA,NA
2015-09-01,2117,NA,NA,NA
2015-09-02,2118,NA,NA,NA
2015-09-03,2119,NA,NA,NA
2015-09-04,2120,NA,NA,NA
2015-09-08,2121,NA,NA,NA
2015-09-09,2122,NA,NA,NA
2015-09-10,2123,NA,NA,NA
2015-09-11,2124,NA,NA,NA
2015-09-14,2125,NA,NA,NA
2015-09-15,2126,NA,NA,NA
2015-09-16,2127,NA,NA,NA
2015-09-17,2128,NA,NA,NA
2015-09-18,2129,NA,NA,NA
2015-09-21,2130,NA,NA,NA
2015-09-22,2131,NA,NA,NA
2015-09-23,2132,NA,NA,NA
2015-09-24,2133,NA,NA,NA
2015-09-25,2134,NA,NA,NA
2015-09-28,2135,NA,NA,NA
2015-09-29,2136,NA,NA,NA
2015-09-30,2137,NA,NA,NA
2015-10-01,2138,NA,NA,NA
2015-10-02,2139,NA,NA,NA
2015-10-05,2140,NA,NA,NA
2015-10-06,2141,NA,NA,NA
2015-10-07,2142,NA,NA,NA
2015-10-08,2143,NA,NA,NA
2015-10-09,2144,NA,NA,NA
2015-10-12,2145,NA,NA,NA
2015-10-13,2146,NA,NA,NA
2015-10-14,2147,NA,NA,NA
2015-10-15,2148,NA,NA,NA
2015-10-16,2149,NA,NA,NA
2015-10-19,2150,NA,NA,NA
2015-10-20,2151,NA,NA,NA
2015-10-21,2152,NA,NA,NA
2015-10-22,2153,NA,NA,NA
2015-10-23,2154,NA,NA,NA
2015-10-26,2155,NA,NA,NA
2015-10-27,2156,NA,NA,NA
2015-10-28,2157,NA,NA,NA
2015-10-29,2158,NA,NA,NA
2015-10-30,2159,NA,NA,NA
2015-11-02,2160,NA,NA,NA
2015-11-03,2161,NA,NA,NA
2015-11-04,2162,NA,NA,NA
2015-11-05,2163,NA,NA,NA
2015-11-06,2164,NA,NA,NA
2015-11-09,2165,NA,NA,NA
2015-11-10,2166,NA,NA,NA
2015-11-11,2167,NA,NA,NA
2015-11-12,2168,NA,NA,NA
2015-11-13,2169,NA,NA,NA
2015-11-16,2170,NA,NA,NA
2015-11-17,2171,NA,NA,NA
2015-11-18,2172,NA,NA,NA
2015-11-19,2173,NA,NA,NA
2015-11-20,2174,NA,NA,NA
2015-11-23,2175,NA,NA,NA
2015-11-24,2176,NA,NA,NA
2015-11-25,2177,NA,NA,NA
2015-11-27,2178,NA,NA,NA
2015-11-30,2179,NA,NA,NA
2015-12-01,2180,NA,NA,NA
2015-12-02,2181,NA,NA,NA
2015-12-03,2182,NA,NA,NA
2015-12-04,2183,NA,NA,NA
2015-12-07,2184,NA,NA,NA
2015-12-08,2185,NA,NA,NA
2015-12-09,2186,NA,NA,NA
2015-12-10,2187,NA,NA,NA
2015-12-11,2188,NA,NA,NA
2015-12-14,2189,NA,NA,NA
2015-12-15,2190,NA,NA,NA
2015-12-16,2191,NA,NA,NA
2015-12-17,2192,NA,NA,NA
2015-12-18,2193,NA,NA,NA
2015-12-21,2194,NA,NA,NA
2015-12-22,2195,NA,NA,NA
2015-12-23,2196,NA,NA,NA
2015-12-24,2197,NA,NA,NA
2015-12-28,2198,NA,NA,NA
2015-12-29,2199,NA,NA,NA
2015-12-30,2200,NA,NA,NA
2015-12-31,2201,NA,NA,NA
2016-01-04,2202,NA,NA,NA
2016-01-05,2203,NA,NA,NA
2016-01-06,2204,NA,NA,NA
2016-01-07,2205,NA,NA,NA
2016-01-08,2206,NA,NA,NA
2016-01-11,2207,NA,NA,NA
2016-01-12,2208,NA,NA,NA
2016-01-13,2209,NA,NA,NA
2016-01-14,2210,NA,NA,NA
2016-01-15,2211,NA,NA,NA
2016-01-19,2212,NA,NA,NA
2016-01-20,2213,NA,NA,NA
2016-01-21,2214,NA,NA,NA
2016-01-22,2215,NA,NA,NA
2016-01-25,2216,NA,NA,NA
2016-01-26,2217,NA,NA,NA
2016-01-27,2218,NA,NA,NA
2016-01-28,2219,NA,NA,NA
2016-01-29,2220,NA,NA,NA
2016-02-01,2221,NA,NA,NA
2016-02-02,2222,NA,NA,NA
2016-02-03,2223,NA,NA,NA
2016-02-04,2224,NA,NA,NA
2016-02-05,2225,NA,NA,NA
2016-02-08,2226,NA,NA,NA
2016-02-09,2227,NA,NA,NA
2016-02-10,2228,NA,NA,NA
2016-02-11,2229,NA,NA,NA
2016-02-12,2230,NA,NA,NA
2016-02-16,2231,NA,NA,NA
2016-02-17,2232,NA,NA,NA
2016-02-18,2233,NA,NA,NA
2016-02-19,2234,NA,NA,NA
2016-02-22,2235,NA,NA,NA
2016-02-23,2236,NA,NA,NA
2016-02-24,2237,NA,NA,NA
2016-02-25,2238,NA,NA,NA
2016-02-26,2239,NA,NA,NA
2016-02-29,2240,NA,NA,NA
2016-03-01,2241,NA,NA,NA
2016-03-02,2242,NA,NA,NA
2016-03-03,2243,NA,NA,NA
2016-03-04,2244,NA,NA,NA
2016-03-07,2245,NA,NA,NA
2016-03-08,2246,NA,NA,NA
2016-03-09,2247,NA,NA,NA
2016-03-10,2248,NA,NA,NA
2016-03-11,2249,NA,NA,NA
2016-03-14,2250,NA,NA,NA
2016-03-15,2251,NA,NA,NA
2016-03-16,2252,NA,NA,NA
2016-03-17,2253,NA,NA,NA
2016-03-18,2254,NA,NA,NA
2016-03-21,2255,NA,NA,NA
2016-03-22,2256,NA,NA,NA
2016-03-23,2257,NA,NA,NA
2016-03-24,2258,NA,NA,NA
2016-03-28,2259,NA,NA,NA
2016-03-29,2260,NA,NA,NA
2016-03-30,2261,NA,NA,NA
2016-03-31,2262,NA,NA,NA
2016-04-01,2263,NA,NA,NA
2016-04-04,2264,NA,NA,NA
2016-04-05,2265,NA,NA,NA
2016-04-06,2266,NA,NA,NA
2016-04-07,2267,NA,NA,NA
2016-04-08,2268,NA,NA,NA
2016-04-11,2269,NA,NA,NA
2016-04-12,2270,NA,NA,NA
2016-04-13,2271,NA,NA,NA
2016-04-14,2272,NA,NA,NA
2016-04-15,2273,NA,NA,NA
2016-04-18,2274,NA,NA,NA
2016-04-19,2275,NA,NA,NA
2016-04-20,2276,NA,NA,NA
2016-04-21,2277,NA,NA,NA
2016-04-22,2278,NA,NA,NA
2016-04-25,2279,NA,NA,NA
2016-04-26,2280,NA,NA,NA
2016-04-27,2281,NA,NA,NA
2016-04-28,2282,NA,NA,NA
2016-04-29,2283,NA,NA,NA
2016-05-02,2284,NA,NA,NA
2016-05-03,2285,NA,NA,NA
2016-05-04,2286,NA,NA,NA
2016-05-05,2287,NA,NA,NA
2016-05-06,2288,NA,NA,NA
2016-05-09,2289,NA,NA,NA
2016-05-10,2290,NA,NA,NA
2016-05-11,2291,NA,NA,NA
2016-05-12,2292,NA,NA,NA
2016-05-13,2293,NA,NA,NA
2016-05-16,2294,NA,NA,NA
2016-05-17,2295,NA,NA,NA
2016-05-18,2296,NA,NA,NA
2016-05-19,2297,NA,NA,NA
2016-05-20,2298,NA,NA,NA
2016-05-23,2299,NA,NA,NA
2016-05-24,2300,NA,NA,NA
2016-05-25,2301,NA,NA,NA
2016-05-26,2302,NA,NA,NA
2016-05-27,2303,NA,NA,NA
2016-05-31,2304,NA,NA,NA
2016-06-01,2305,NA,NA,NA
2016-06-02,2306,NA,NA,NA
2016-06-03,2307,NA,NA,NA
2016-06-06,2308,NA,NA,NA
2016-06-07,2309,NA,NA,NA
2016-06-08,2310,NA,NA,NA
2016-06-09,2311,NA,NA,NA
2016-06-10,2312,NA,NA,NA
2016-06-13,2313,NA,NA,NA
2016-06-14,2314,NA,NA,NA
2016-06-15,2315,NA,NA,NA
2016-06-16,2316,NA,NA,NA
2016-06-17,2317,NA,NA,NA
2016-06-20,2318,NA,NA,NA
2016-06-21,2319,NA,NA,NA
2016-06-22,2320,NA,NA,NA
2016-06-23,2321,NA,NA,NA
2016-06-24,2322,NA,NA,NA
2016-06-27,2323,NA,NA,NA
2016-06-28,2324,NA,NA,NA
2016-06-29,2325,NA,NA,NA
2016-06-30,2326,NA,NA,NA
2016-07-01,2327,NA,NA,NA
2016-07-05,2328,NA,NA,NA
2016-07-06,2329,NA,NA,NA
2016-07-07,2330,NA,NA,NA
2016-07-08,2331,NA,NA,NA
2016-07-11,2332,NA,NA,NA
2016-07-12,2333,NA,NA,NA
2016-07-13,2334,NA,NA,NA
2016-07-14,2335,NA,NA,NA
2016-07-15,2336,NA,NA,NA
2016-07-18,2337,NA,NA,NA
2016-07-19,2338,NA,NA,NA
2016-07-20,2339,NA,NA,NA
2016-07-21,2340,NA,NA,NA
2016-07-22,2341,NA,NA,NA
2016-07-25,2342,NA,NA,NA
2016-07-26,2343,NA,NA,NA
2016-07-27,2344,NA,NA,NA
2016-07-28,2345,NA,NA,NA
2016-07-29,2346,NA,NA,NA
2016-08-01,2347,NA,NA,NA
2016-08-02,2348,NA,NA,NA
2016-08-03,2349,NA,NA,NA
2016-08-04,2350,NA,NA,NA
2016-08-05,2351,NA,NA,NA
2016-08-08,2352,NA,NA,NA
2016-08-09,2353,NA,NA,NA
2016-08-10,2354,NA,NA,NA
2016-08-11,2355,NA,NA,NA
2016-08-12,2356,NA,NA,NA
2016-08-15,2357,NA,NA,NA
2016-08-16,2358,NA,NA,NA
2016-08-17,2359,NA,NA,NA
2016-08-18,2360,NA,NA,NA
2016-08-19,2361,NA,NA,NA
2016-08-22,2362,NA,NA,NA
2016-08-23,2363,NA,NA,NA
2016-08-24,2364,NA,NA,NA
2016-08-25,2365,NA,NA,NA
2016-08-26,2366,NA,NA,NA
2016-08-29,2367,NA,NA,NA
2016-08-30,2368,NA,NA,NA
2016-08-31,2369,NA,NA,NA
2016-09-01,2370,NA,NA,NA
2016-09-02,2371,NA,NA,NA
2016-09-06,2372,NA,NA,NA
2016-09-07,2373,NA,NA,NA
2016-09-08,2374,NA,NA,NA
2016-09-09,2375,NA,NA,NA
2016-09-12,2376,NA,NA,NA
2016-09-13,2377,NA,NA,NA
2016-09-14,2378,NA,NA,NA
2016-09-15,2379,NA,NA,NA
2016-09-16,2380,NA,NA,NA
2016-09-19,2381,NA,NA,NA
2016-09-20,2382,NA,NA,NA
2016-09-21,2383,NA,NA,NA
2016-09-22,2384,NA,NA,NA
2016-09-23,2385,NA,NA,NA
2016-09-26,2386,NA,NA,NA
2016-09-27,2387,NA,NA,NA
2016-09-28,2388,NA,NA,NA
2016-09-29,2389,NA,NA,NA
2016-09-30,2390,NA,NA,NA
2016-10-03,2391,NA,NA,NA
2016-10-04,2392,NA,NA,NA
2016-10-05,2393,NA,NA,NA
2016-10-06,2394,NA,NA,NA
2016-10-07,2395,NA,NA,NA
2016-10-10,2396,NA,NA,NA
2016-10-11,2397,NA,NA,NA
2016-10-12,2398,NA,NA,NA
2016-10-13,2399,NA,NA,NA
2016-10-14,2400,NA,NA,NA
2016-10-17,2401,NA,NA,NA
2016-10-18,2402,NA,NA,NA
2016-10-19,2403,NA,NA,NA
2016-10-20,2404,NA,NA,NA
2016-10-21,2405,NA,NA,NA
2016-10-24,2406,NA,NA,NA
2016-10-25,2407,NA,NA,NA
2016-10-26,2408,NA,NA,NA
2016-10-27,2409,NA,NA,NA
2016-10-28,2410,NA,NA,NA
2016-10-31,2411,NA,NA,NA
2016-11-01,2412,NA,NA,NA
2016-11-02,2413,NA,NA,NA
2016-11-03,2414,NA,NA,NA
2016-11-04,2415,NA,NA,NA
2016-11-07,2416,NA,NA,NA
2016-11-08,2417,NA,NA,NA
2016-11-09,2418,NA,NA,NA
2016-11-10,2419,NA,NA,NA
2016-11-11,2420,NA,NA,NA
2016-11-14,2421,NA,NA,NA
2016-11-15,2422,NA,NA,NA
2016-11-16,2423,NA,NA,NA
2016-11-17,2424,NA,NA,NA
2016-11-18,2425,NA,NA,NA
2016-11-21,2426,NA,NA,NA
2016-11-22,2427,NA,NA,NA
2016-11-23,2428,NA,NA,NA
2016-11-25,2429,NA,NA,NA
2016-11-28,2430,NA,NA,NA
2016-11-29,2431,NA,NA,NA
2016-11-30,2432,NA,NA,NA
2016-12-01,2433,NA,NA,NA
2016-12-02,2434,NA,NA,NA
2016-12-05,2435,NA,NA,NA
2016-12-06,2436,NA,NA,NA
2016-12-07,2437,NA,NA,NA
2016-12-08,2438,NA,NA,NA
2016-12-09,2439,NA,NA,NA
2016-12-12,2440,NA,NA,NA
2016-12-13,2441,NA,NA,NA
2016-12-14,2442,NA,NA,NA
2016-12-15,2443,NA,NA,NA
2016-12-16,2444,NA,NA,NA
2016-12-19,2445,NA,NA,NA
2016-12-20,2446,NA,NA,NA
2016-12-21,2447,NA,NA,NA
2016-12-22,2448,NA,NA,NA
2016-12-23,2449,NA,NA,NA
2016-12-27,2450,NA,NA,NA
2016-12-28,2451,NA,NA,NA
2016-12-29,2452,NA,NA,NA
2016-12-30,2453,NA,NA,NA
2017-01-03,2454,NA,NA,NA
2017-01-04,2455,NA,NA,NA
2017-01-05,2456,NA,NA,NA
2017-01-06,2457,NA,NA,NA
2017-01-09,2458,NA,NA,NA
2017-01-10,2459,NA,NA,NA
2017-01-11,2460,NA,NA,NA
2017-01-12,2461,NA,NA,NA
2017-01-13,2462,NA,NA,NA
2017-01-17,2463,NA,NA,NA
2017-01-18,2464,NA,NA,NA
2017-01-19,2465,NA,NA,NA
2017-01-20,2466,NA,NA,NA
2017-01-23,2467,NA,NA,NA
2017-01-24,2468,NA,NA,NA
2017-01-25,2469,NA,NA,NA
2017-01-26,2470,NA,NA,NA
2017-01-27,2471,NA,NA,NA
2017-01-30,2472,NA,NA,NA
2017-01-31,2473,NA,NA,NA
2017-02-01,2474,NA,NA,NA
2017-02-02,2475,NA,NA,NA
2017-02-03,2476,NA,NA,NA
2017-02-06,2477,NA,NA,NA
2017-02-07,2478,NA,NA,NA
2017-02-08,2479,NA,NA,NA
2017-02-09,2480,NA,NA,NA
2017-02-10,2481,NA,NA,NA
2017-02-13,2482,NA,NA,NA
2017-02-14,2483,NA,NA,NA
2017-02-15,2484,NA,NA,NA
2017-02-16,2485,NA,NA,NA
2017-02-17,2486,NA,NA,NA
2017-02-21,2487,NA,NA,NA
2017-02-22,2488,NA,NA,NA
2017-02-23,2489,NA,NA,NA
2017-02-24,2490,NA,NA,NA
2017-02-27,2491,NA,NA,NA
2017-02-28,2492,NA,NA,NA
2017-03-01,2493,NA,NA,NA
2017-03-02,2494,NA,NA,NA
2017-03-03,2495,NA,NA,NA
2017-03-06,2496,NA,NA,NA
2017-03-07,2497,NA,NA,NA
2017-03-08,2498,NA,NA,NA
2017-03-09,2499,NA,NA,NA
2017-03-10,2500,NA,NA,NA
2017-03-13,2501,NA,NA,NA
2017-03-14,2502,NA,NA,NA
2017-03-15,2503,NA,NA,NA
2017-03-16,2504,NA,NA,NA
2017-03-17,2505,NA,NA,NA
2017-03-20,2506,NA,NA,NA
2017-03-21,2507,NA,NA,NA
2017-03-22,2508,NA,NA,NA
2017-03-23,2509,NA,NA,NA
2017-03-24,2510,NA,NA,NA
2017-03-27,2511,NA,NA,NA
2017-03-28,2512,NA,NA,NA
2017-03-29,2513,NA,NA,NA
2017-03-30,2514,NA,NA,NA
2017-03-31,2515,NA,NA,NA
2017-04-03,2516,NA,NA,NA
2017-04-04,2517,NA,NA,NA
2017-04-05,2518,NA,NA,NA
2017-04-06,2519,NA,NA,NA
2017-04-07,2520,NA,NA,NA
2017-04-10,2521,NA,NA,NA
2017-04-11,2522,NA,NA,NA
2017-04-12,2523,NA,NA,NA
2017-04-13,2524,NA,NA,NA
2017-04-17,2525,NA,NA,NA
2017-04-18,2526,NA,NA,NA
2017-04-19,2527,NA,NA,NA
2017-04-20,2528,NA,NA,NA
2017-04-21,2529,NA,NA,NA
2017-04-24,2530,NA,NA,NA
2017-04-25,2531,NA,NA,NA
2017-04-26,2532,NA,NA,NA
2017-04-27,2533,NA,NA,NA
2017-04-28,2534,NA,NA,NA
2017-05-01,2535,NA,NA,NA
2017-05-02,2536,NA,NA,NA
2017-05-03,2537,NA,NA,NA
2017-05-04,2538,NA,NA,NA
2017-05-05,2539,NA,NA,NA
2017-05-08,2540,NA,NA,NA
2017-05-09,2541,NA,NA,NA
2017-05-10,2542,NA,NA,NA
2017-05-11,2543,NA,NA,NA
2017-05-12,2544,NA,NA,NA
2017-05-15,2545,NA,NA,NA
2017-05-16,2546,NA,NA,NA
2017-05-17,2547,NA,NA,NA
2017-05-18,2548,NA,NA,NA
2017-05-19,2549,NA,NA,NA
2017-05-22,2550,NA,NA,NA
2017-05-23,2551,NA,NA,NA
2017-05-24,2552,NA,NA,NA
2017-05-25,2553,NA,NA,NA
2017-05-26,2554,NA,NA,NA
2017-05-30,2555,NA,NA,NA
2017-05-31,2556,NA,NA,NA
2017-06-01,2557,NA,NA,NA
2017-06-02,2558,NA,NA,NA
2017-06-05,2559,NA,NA,NA
2017-06-06,2560,NA,NA,NA
2017-06-07,2561,NA,NA,NA
2017-06-08,2562,NA,NA,NA
2017-06-09,2563,NA,NA,NA
2017-06-12,2564,NA,NA,NA
2017-06-13,2565,NA,NA,NA
2017-06-14,2566,NA,NA,NA
2017-06-15,2567,NA,NA,NA
2017-06-16,2568,NA,NA,NA
2017-06-19,2569,NA,NA,NA
2017-06-20,2570,NA,NA,NA
2017-06-21,2571,NA,NA,NA
2017-06-22,2572,NA,NA,NA
2017-06-23,2573,NA,NA,NA
2017-06-26,2574,NA,NA,NA
2017-06-27,2575,NA,NA,NA
2017-06-28,2576,NA,NA,NA
2017-06-29,2577,NA,NA,NA
2017-06-30,2578,NA,NA,NA
2017-07-03,2579,NA,NA,NA
2017-07-05,2580,NA,NA,NA
2017-07-06,2581,NA,NA,NA
2017-07-07,2582,NA,NA,NA
2017-07-10,2583,NA,NA,NA
2017-07-11,2584,NA,NA,NA
2017-07-12,2585,NA,NA,NA
2017-07-13,2586,NA,NA,NA
2017-07-14,2587,NA,NA,NA
2017-07-17,2588,NA,NA,NA
2017-07-18,2589,NA,NA,NA
2017-07-19,2590,NA,NA,NA
2017-07-20,2591,NA,NA,NA
2017-07-21,2592,NA,NA,NA
2017-07-24,2593,NA,NA,NA
2017-07-25,2594,NA,NA,NA
2017-07-26,2595,NA,NA,NA
2017-07-27,2596,NA,NA,NA
2017-07-28,2597,NA,NA,NA
2017-07-31,2598,NA,NA,NA
2017-08-01,2599,NA,NA,NA
2017-08-02,2600,NA,NA,NA
2017-08-03,2601,NA,NA,NA
2017-08-04,2602,NA,NA,NA
2017-08-07,2603,NA,NA,NA
2017-08-08,2604,NA,NA,NA
2017-08-09,2605,NA,NA,NA
2017-08-10,2606,NA,NA,NA
2017-08-11,2607,NA,NA,NA
2017-08-14,2608,NA,NA,NA
2017-08-15,2609,NA,NA,NA
2017-08-16,2610,NA,NA,NA
2017-08-17,2611,NA,NA,NA
2017-08-18,2612,NA,NA,NA
2017-08-21,2613,NA,NA,NA
2017-08-22,2614,NA,NA,NA
2017-08-23,2615,NA,NA,NA
2017-08-24,2616,NA,NA,NA
2017-08-25,2617,NA,NA,NA
2017-08-28,2618,NA,NA,NA
2017-08-29,2619,NA,NA,NA
2017-08-30,2620,NA,NA,NA
2017-08-31,2621,NA,NA,NA
2017-09-01,2622,NA,NA,NA
2017-09-05,2623,NA,NA,NA
2017-09-06,2624,NA,NA,NA
2017-09-07,2625,NA,NA,NA
2017-09-08,2626,NA,NA,NA
2017-09-11,2627,NA,NA,NA
2017-09-12,2628,NA,NA,NA
2017-09-13,2629,NA,NA,NA
2017-09-14,2630,NA,NA,NA
2017-09-15,2631,NA,NA,NA
2017-09-18,2632,NA,NA,NA
2017-09-19,2633,NA,NA,NA
2017-09-20,2634,NA,NA,NA
2017-09-21,2635,NA,NA,NA
2017-09-22,2636,NA,NA,NA
2017-09-25,2637,NA,NA,NA
2017-09-26,2638,NA,NA,NA
2017-09-27,2639,NA,NA,NA
2017-09-28,2640,NA,NA,NA
2017-09-29,2641,NA,NA,NA
2017-10-02,2642,NA,NA,NA
2017-10-03,2643,NA,NA,NA
2017-10-04,2644,NA,NA,NA
2017-10-05,2645,NA,NA,NA
2017-10-06,2646,NA,NA,NA
2017-10-09,2647,NA,NA,NA
2017-10-10,2648,NA,NA,NA
2017-10-11,2649,NA,NA,NA
2017-10-12,2650,NA,NA,NA
2017-10-13,2651,NA,NA,NA
2017-10-16,2652,NA,NA,NA
2017-10-17,2653,NA,NA,NA
2017-10-18,2654,NA,NA,NA
2017-10-19,2655,NA,NA,NA
2017-10-20,2656,NA,NA,NA
2017-10-23,2657,NA,NA,NA
2017-10-24,2658,NA,NA,NA
2017-10-25,2659,NA,NA,NA
2017-10-26,2660,NA,NA,NA
2017-10-27,2661,NA,NA,NA
2017-10-30,2662,NA,NA,NA
2017-10-31,2663,NA,NA,NA
2017-11-01,2664,NA,NA,NA
2017-11-02,2665,NA,NA,NA
2017-11-03,2666,NA,NA,NA
2017-11-06,2667,NA,NA,NA
2017-11-07,2668,NA,NA,NA
2017-11-08,2669,NA,NA,NA
2017-11-09,2670,NA,NA,NA
2017-11-10,2671,NA,NA,NA
2017-11-13,2672,NA,NA,NA
2017-11-14,2673,NA,NA,NA
2017-11-15,2674,NA,NA,NA
2017-11-16,2675,NA,NA,NA
2017-11-17,2676,NA,NA,NA
2017-11-20,2677,NA,NA,NA
2017-11-21,2678,NA,NA,NA
2017-11-22,2679,NA,NA,NA
2017-11-24,2680,NA,NA,NA
2017-11-27,2681,NA,NA,NA
2017-11-28,2682,NA,NA,NA
2017-11-29,2683,NA,NA,NA
2017-11-30,2684,NA,NA,NA
2017-12-01,2685,NA,NA,NA
2017-12-04,2686,NA,NA,NA
2017-12-05,2687,NA,NA,NA
2017-12-06,2688,NA,NA,NA
2017-12-07,2689,NA,NA,NA
2017-12-08,2690,NA,NA,NA
2017-12-11,2691,NA,NA,NA
2017-12-12,2692,NA,NA,NA
2017-12-13,2693,NA,NA,NA
2017-12-14,2694,NA,NA,NA
2017-12-15,2695,NA,NA,NA
2017-12-18,2696,NA,NA,NA
2017-12-19,2697,NA,NA,NA
2017-12-20,2698,NA,NA,NA
2017-12-21,2699,NA,NA,NA
2017-12-22,2700,NA,NA,NA
2017-12-26,2701,NA,NA,NA
2017-12-27,2702,NA,NA,NA
2017-12-28,2703,NA,NA,NA
2017-12-29,2704,NA,NA,NA
2018-01-02,2705,NA,NA,NA
2018-01-03,2706,NA,NA,NA
2018-01-04,2707,NA,NA,NA
2018-01-05,2708,NA,NA,NA
2018-01-08,2709,NA,NA,NA
2018-01-09,2710,NA,NA,NA
2018-01-10,2711,NA,NA,NA
2018-01-11,2712,NA,NA,NA
2018-01-12,2713,NA,NA,NA
2018-01-16,2714,NA,NA,NA
2018-01-17,2715,NA,NA,NA
2018-01-18,2716,NA,NA,NA
2018-01-19,2717,NA,NA,NA
2018-01-22,2718,NA,NA,NA
2018-01-23,2719,NA,NA,NA
2018-01-24,2720,NA,NA,NA
2018-01-25,2721,NA,NA,NA
2018-01-26,2722,NA,NA,NA
2018-01-29,2723,NA,NA,NA
2018-01-30,2724,NA,NA,NA
2018-01-31,2725,NA,NA,NA
2018-02-01,2726,NA,NA,NA
2018-02-02,2727,NA,NA,NA
2018-02-05,2728,NA,NA,NA
2018-02-06,2729,NA,NA,NA
2018-02-07,2730,NA,NA,NA
2018-02-08,2731,NA,NA,NA
2018-02-09,2732,NA,NA,NA
2018-02-12,2733,NA,NA,NA
2018-02-13,2734,NA,NA,NA
2018-02-14,2735,NA,NA,NA
2018-02-15,2736,NA,NA,NA
2018-02-16,2737,NA,NA,NA
2018-02-20,2738,NA,NA,NA
2018-02-21,2739,NA,NA,NA
2018-02-22,2740,NA,NA,NA
2018-02-23,2741,NA,NA,NA
2018-02-26,2742,NA,NA,NA
2018-02-27,2743,NA,NA,NA
2018-02-28,2744,NA,NA,NA
2018-03-01,2745,NA,NA,NA
2018-03-02,2746,NA,NA,NA
2018-03-05,2747,NA,NA,NA
2018-03-06,2748,NA,NA,NA
2018-03-07,2749,NA,NA,NA
2018-03-08,2750,NA,NA,NA
2018-03-09,2751,NA,NA,NA
2018-03-12,2752,NA,NA,NA
2018-03-13,2753,NA,NA,NA
2018-03-14,2754,NA,NA,NA
2018-03-15,2755,NA,NA,NA
2018-03-16,2756,NA,NA,NA
2018-03-19,2757,NA,NA,NA
2018-03-20,2758,NA,NA,NA
2018-03-21,2759,NA,NA,NA
2018-03-22,2760,NA,NA,NA
2018-03-23,2761,NA,NA,NA
2018-03-26,2762,NA,NA,NA
2018-03-27,2763,NA,NA,NA
2018-03-28,2764,NA,NA,NA
2018-03-29,2765,NA,NA,NA
2018-04-02,2766,NA,NA,NA
2018-04-03,2767,NA,NA,NA
2018-04-04,2768,NA,NA,NA
2018-04-05,2769,NA,NA,NA
2018-04-06,2770,NA,NA,NA
2018-04-09,2771,NA,NA,NA
2018-04-10,2772,NA,NA,NA
2018-04-11,2773,NA,NA,NA
2018-04-12,2774,NA,NA,NA
2018-04-13,2775,NA,NA,NA
2018-04-16,2776,NA,NA,NA
2018-04-17,2777,NA,NA,NA
2018-04-18,2778,NA,NA,NA
2018-04-19,2779,NA,NA,NA
2018-04-20,2780,NA,NA,NA
2018-04-23,2781,NA,NA,NA
2018-04-24,2782,NA,NA,NA
2018-04-25,2783,NA,NA,NA
2018-04-26,2784,NA,NA,NA
2018-04-27,2785,NA,NA,NA
2018-04-30,2786,NA,NA,NA
2018-05-01,2787,NA,NA,NA
2018-05-02,2788,NA,NA,NA
2018-05-03,2789,NA,NA,NA
2018-05-04,2790,NA,NA,NA
2018-05-07,2791,NA,NA,NA
2018-05-08,2792,NA,NA,NA
2018-05-09,2793,NA,NA,NA
2018-05-10,2794,NA,NA,NA
2018-05-11,2795,NA,NA,NA
2018-05-14,2796,NA,NA,NA
2018-05-15,2797,NA,NA,NA
2018-05-16,2798,NA,NA,NA
2018-05-17,2799,NA,NA,NA
2018-05-18,2800,NA,NA,NA
2018-05-21,2801,NA,NA,NA
2018-05-22,2802,NA,NA,NA
2018-05-23,2803,NA,NA,NA
2018-05-24,2804,NA,NA,NA
2018-05-25,2805,NA,NA,NA
2018-05-29,2806,NA,NA,NA
2018-05-30,2807,NA,NA,NA
2018-05-31,2808,NA,NA,NA
2018-06-01,2809,NA,NA,NA
2018-06-04,2810,NA,NA,NA
2018-06-05,2811,NA,NA,NA
2018-06-06,2812,NA,NA,NA
2018-06-07,2813,NA,NA,NA
2018-06-08,2814,NA,NA,NA
2018-06-11,2815,NA,NA,NA
2018-06-12,2816,NA,NA,NA
2018-06-13,2817,NA,NA,NA
2018-06-14,2818,NA,NA,NA
2018-06-15,2819,NA,NA,NA
2018-06-18,2820,NA,NA,NA
2018-06-19,2821,NA,NA,NA
2018-06-20,2822,NA,NA,NA
2018-06-21,2823,NA,NA,NA
2018-06-22,2824,NA,NA,NA
2018-06-25,2825,NA,NA,NA
2018-06-26,2826,NA,NA,NA
2018-06-27,2827,NA,NA,NA
2018-06-28,2828,NA,NA,NA
2018-06-29,2829,NA,NA,NA
2018-07-02,2830,NA,NA,NA
2018-07-03,2831,NA,NA,NA
2018-07-05,2832,NA,NA,NA
2018-07-06,2833,NA,NA,NA
2018-07-09,2834,NA,NA,NA
2018-07-10,2835,NA,NA,NA
2018-07-11,2836,NA,NA,NA
2018-07-12,2837,NA,NA,NA
2018-07-13,2838,NA,NA,NA
2018-07-16,2839,NA,NA,NA
2018-07-17,2840,NA,NA,NA
2018-07-18,2841,NA,NA,NA
2018-07-19,2842,NA,NA,NA
2018-07-20,2843,NA,NA,NA
2018-07-23,2844,NA,NA,NA
2018-07-24,2845,NA,NA,NA
2018-07-25,2846,NA,NA,NA
2018-07-26,2847,NA,NA,NA
2018-07-27,2848,NA,NA,NA
2018-07-30,2849,NA,NA,NA
2018-07-31,2850,NA,NA,NA
2018-08-01,2851,NA,NA,NA
2018-08-02,2852,NA,NA,NA
2018-08-03,2853,NA,NA,NA
2018-08-06,2854,NA,NA,NA
2018-08-07,2855,NA,NA,NA
2018-08-08,2856,NA,NA,NA
2018-08-09,2857,NA,NA,NA
2018-08-10,2858,NA,NA,NA
2018-08-13,2859,NA,NA,NA
2018-08-14,2860,NA,NA,NA
2018-08-15,2861,NA,NA,NA
2018-08-16,2862,NA,NA,NA
2018-08-17,2863,NA,NA,NA
2018-08-20,2864,NA,NA,NA
2018-08-21,2865,NA,NA,NA
2018-08-22,2866,NA,NA,NA
2018-08-23,2867,NA,NA,NA
2018-08-24,2868,NA,NA,NA
2018-08-27,2869,NA,NA,NA
2018-08-28,2870,NA,NA,NA
2018-08-29,2871,NA,NA,NA
2018-08-30,2872,NA,NA,NA
2018-08-31,2873,NA,NA,NA
2018-09-04,2874,NA,NA,NA
2018-09-05,2875,NA,NA,NA
2018-09-06,2876,NA,NA,NA
2018-09-07,2877,NA,NA,NA
2018-09-10,2878,NA,NA,NA
2018-09-11,2879,NA,NA,NA
2018-09-12,2880,NA,NA,NA
2018-09-13,2881,NA,NA,NA
2018-09-14,2882,NA,NA,NA
2018-09-17,2883,NA,NA,NA
2018-09-18,2884,NA,NA,NA
2018-09-19,2885,NA,NA,NA
2018-09-20,2886,NA,NA,NA
2018-09-21,2887,NA,NA,NA
2018-09-24,2888,NA,NA,NA
2018-09-25,2889,NA,NA,NA
2018-09-26,2890,NA,NA,NA
2018-09-27,2891,NA,NA,NA
2018-09-28,2892,NA,NA,NA
2018-10-01,2893,NA,NA,NA
2018-10-02,2894,NA,NA,NA
2018-10-03,2895,NA,NA,NA
2018-10-04,2896,NA,NA,NA
2018-10-05,2897,NA,NA,NA
2018-10-08,2898,NA,NA,NA
2018-10-09,2899,NA,NA,NA
2018-10-10,2900,NA,NA,NA
2018-10-11,2901,NA,NA,NA
2018-10-12,2902,NA,NA,NA
2018-10-15,2903,NA,NA,NA
2018-10-16,2904,NA,NA,NA
2018-10-17,2905,NA,NA,NA
2018-10-18,2906,NA,NA,NA
2018-10-19,2907,NA,NA,NA
2018-10-22,2908,NA,NA,NA
2018-10-23,2909,NA,NA,NA
2018-10-24,2910,NA,NA,NA
2018-10-25,2911,NA,NA,NA
2018-10-26,2912,NA,NA,NA
2018-10-29,2913,NA,NA,NA
2018-10-30,2914,NA,NA,NA
2018-10-31,2915,NA,NA,NA
2018-11-01,2916,NA,NA,NA
2018-11-02,2917,NA,NA,NA
2018-11-05,2918,NA,NA,NA
2018-11-06,2919,NA,NA,NA
2018-11-07,2920,NA,NA,NA
2018-11-08,2921,NA,NA,NA
2018-11-09,2922,NA,NA,NA
2018-11-12,2923,NA,NA,NA
2018-11-13,2924,NA,NA,NA
2018-11-14,2925,NA,NA,NA
2018-11-15,2926,NA,NA,NA
2018-11-16,2927,NA,NA,NA
2018-11-19,2928,NA,NA,NA
2018-11-20,2929,NA,NA,NA
2018-11-21,2930,NA,NA,NA
2018-11-23,2931,NA,NA,NA
2018-11-26,2932,NA,NA,NA
2018-11-27,2933,NA,NA,NA
2018-11-28,2934,NA,NA,NA
2018-11-29,2935,NA,NA,NA
2018-11-30,2936,NA,NA,NA
2018-12-03,2937,NA,NA,NA
2018-12-04,2938,NA,NA,NA
2018-12-06,2939,NA,NA,NA
2018-12-07,2940,NA,NA,NA
2018-12-10,2941,NA,NA,NA
2018-12-11,2942,NA,NA,NA
2018-12-12,2943,NA,NA,NA
2018-12-13,2944,NA,NA,NA
2018-12-14,2945,NA,NA,NA
2018-12-17,2946,NA,NA,NA
2018-12-18,2947,NA,NA,NA
2018-12-19,2948,NA,NA,NA
2018-12-20,2949,NA,NA,NA
2018-12-21,2950,NA,NA,NA
2018-12-24,2951,NA,NA,NA
2018-12-26,2952,NA,NA,NA
2018-12-27,2953,NA,NA,NA
2018-12-28,2954,NA,NA,NA
2018-12-31,2955,NA,NA,NA
2019-01-02,2956,NA,NA,NA
2019-01-03,2957,NA,NA,NA
2019-01-04,2958,NA,NA,NA
2019-01-07,2959,NA,NA,NA
2019-01-08,2960,NA,NA,NA
2019-01-09,2961,NA,NA,NA
2019-01-10,2962,NA,NA,NA
2019-01-11,2963,NA,NA,NA
2019-01-14,2964,NA,NA,NA
2019-01-15,2965,NA,NA,NA
2019-01-16,2966,NA,NA,NA
2019-01-17,2967,NA,NA,NA
2019-01-18,2968,NA,NA,NA
2019-01-22,2969,NA,NA,NA
2019-01-23,2970,NA,NA,NA
2019-01-24,2971,NA,NA,NA
2019-01-25,2972,NA,NA,NA
2019-01-28,2973,NA,NA,NA
2019-01-29,2974,NA,NA,NA
2019-01-30,2975,NA,NA,NA
2019-01-31,2976,NA,NA,NA
2019-02-01,2977,NA,NA,NA
2019-02-04,2978,NA,NA,NA
2019-02-05,2979,NA,NA,NA
2019-02-06,2980,NA,NA,NA
2019-02-07,2981,NA,NA,NA
2019-02-08,2982,NA,NA,NA
2019-02-11,2983,NA,NA,NA
2019-02-12,2984,NA,NA,NA
2019-02-13,2985,NA,NA,NA
2019-02-14,2986,NA,NA,NA
2019-02-15,2987,NA,NA,NA
2019-02-19,2988,NA,NA,NA
2019-02-20,2989,NA,NA,NA
2019-02-21,2990,NA,NA,NA
2019-02-22,2991,NA,NA,NA
2019-02-25,2992,NA,NA,NA
2019-02-26,2993,NA,NA,NA
2019-02-27,2994,NA,NA,NA
2019-02-28,2995,NA,NA,NA
2019-03-01,2996,NA,NA,NA
2019-03-04,2997,NA,NA,NA
2019-03-05,2998,NA,NA,NA
2019-03-06,2999,NA,NA,NA
2019-03-07,3000,NA,NA,NA
2019-03-08,3001,NA,NA,NA
2019-03-11,3002,NA,NA,NA
2019-03-12,3003,NA,NA,NA
2019-03-13,3004,NA,NA,NA
2019-03-14,3005,NA,NA,NA
2019-03-15,3006,NA,NA,NA
2019-03-18,3007,NA,NA,NA
2019-03-19,3008,NA,NA,NA
2019-03-20,3009,NA,NA,NA
2019-03-21,3010,NA,NA,NA
2019-03-22,3011,NA,NA,NA
2019-03-25,3012,NA,NA,NA
2019-03-26,3013,NA,NA,NA
2019-03-27,3014,NA,NA,NA
2019-03-28,3015,NA,NA,NA
2019-03-29,3016,NA,NA,NA
2019-04-01,3017,NA,NA,NA
2019-04-02,3018,NA,NA,NA
2019-04-03,3019,NA,NA,NA
2019-04-04,3020,NA,NA,NA
2019-04-05,3021,NA,NA,NA
2019-04-08,3022,NA,NA,NA
2019-04-09,3023,NA,NA,NA
2019-04-10,3024,NA,NA,NA
2019-04-11,3025,NA,NA,NA
2019-04-12,3026,NA,NA,NA
2019-04-15,3027,NA,NA,NA
2019-04-16,3028,NA,NA,NA
2019-04-17,3029,NA,NA,NA
2019-04-18,3030,NA,NA,NA
2019-04-22,3031,NA,NA,NA
2019-04-23,3032,NA,NA,NA
2019-04-24,3033,NA,NA,NA
2019-04-25,3034,NA,NA,NA
2019-04-26,3035,NA,NA,NA
2019-04-29,3036,NA,NA,NA
2019-04-30,3037,NA,NA,NA
2019-05-01,3038,NA,NA,NA
2019-05-02,3039,NA,NA,NA
2019-05-03,3040,NA,NA,NA
2019-05-06,3041,NA,NA,NA
2019-05-07,3042,NA,NA,NA
2019-05-08,3043,NA,NA,NA
2019-05-09,3044,NA,NA,NA
2019-05-10,3045,NA,NA,NA
2019-05-13,3046,NA,NA,NA
2019-05-14,3047,NA,NA,NA
2019-05-15,3048,NA,NA,NA
2019-05-16,3049,NA,NA,NA
2019-05-17,3050,NA,NA,NA
2019-05-20,3051,NA,NA,NA
2019-05-21,3052,NA,NA,NA
2019-05-22,3053,NA,NA,NA
2019-05-23,3054,NA,NA,NA
2019-05-24,3055,NA,NA,NA
2019-05-28,3056,NA,NA,NA
2019-05-29,3057,NA,NA,NA
2019-05-30,3058,NA,NA,NA
2019-05-31,3059,NA,NA,NA
2019-06-03,3060,NA,NA,NA
2019-06-04,3061,NA,NA,NA
2019-06-05,3062,NA,NA,NA
2019-06-06,3063,NA,NA,NA
2019-06-07,3064,NA,NA,NA
2019-06-10,3065,NA,NA,NA
2019-06-11,3066,NA,NA,NA
2019-06-12,3067,NA,NA,NA
2019-06-13,3068,NA,NA,NA
2019-06-14,3069,NA,NA,NA
2019-06-17,3070,NA,NA,NA
2019-06-18,3071,NA,NA,NA
2019-06-19,3072,NA,NA,NA
2019-06-20,3073,NA,NA,NA
2019-06-21,3074,NA,NA,NA
2019-06-24,3075,NA,NA,NA
2019-06-25,3076,NA,NA,NA
2019-06-26,3077,NA,NA,NA
2019-06-27,3078,NA,NA,NA
2019-06-28,3079,NA,NA,NA
2019-07-01,3080,NA,NA,NA
2019-07-02,3081,NA,NA,NA
2019-07-03,3082,NA,NA,NA
2019-07-05,3083,NA,NA,NA
2019-07-08,3084,NA,NA,NA
2019-07-09,3085,NA,NA,NA
2019-07-10,3086,NA,NA,NA
2019-07-11,3087,NA,NA,NA
2019-07-12,3088,NA,NA,NA
2019-07-15,3089,NA,NA,NA
2019-07-16,3090,NA,NA,NA
2019-07-17,3091,NA,NA,NA
2019-07-18,3092,NA,NA,NA
2019-07-19,3093,NA,NA,NA
2019-07-22,3094,NA,NA,NA
2019-07-23,3095,NA,NA,NA
2019-07-24,3096,NA,NA,NA
2019-07-25,3097,NA,NA,NA
2019-07-26,3098,NA,NA,NA
2019-07-29,3099,NA,NA,NA
2019-07-30,3100,NA,NA,NA
2019-07-31,3101,NA,NA,NA
2019-08-01,3102,NA,NA,NA
2019-08-02,3103,NA,NA,NA
2019-08-05,3104,NA,NA,NA
2019-08-06,3105,NA,NA,NA
2019-08-07,3106,NA,NA,NA
2019-08-08,3107,NA,NA,NA
2019-08-09,3108,NA,NA,NA
2019-08-12,3109,NA,NA,NA
2019-08-13,3110,NA,NA,NA
2019-08-14,3111,NA,NA,NA
2019-08-15,3112,NA,NA,NA
2019-08-16,3113,NA,NA,NA
2019-08-19,3114,NA,NA,NA
2019-08-20,3115,NA,NA,NA
2019-08-21,3116,NA,NA,NA
2019-08-22,3117,NA,NA,NA
2019-08-23,3118,NA,NA,NA
2019-08-26,3119,NA,NA,NA
2019-08-27,3120,NA,NA,NA
2019-08-28,3121,NA,NA,NA
2019-08-29,3122,NA,NA,NA
2019-08-30,3123,NA,NA,NA
2019-09-03,3124,NA,NA,NA
2019-09-04,3125,NA,NA,NA
2019-09-05,3126,NA,NA,NA
2019-09-06,3127,NA,NA,NA
2019-09-09,3128,NA,NA,NA
2019-09-10,3129,NA,NA,NA
2019-09-11,3130,NA,NA,NA
2019-09-12,3131,NA,NA,NA
2019-09-13,3132,NA,NA,NA
2019-09-16,3133,NA,NA,NA
2019-09-17,3134,NA,NA,NA
2019-09-18,3135,NA,NA,NA
2019-09-19,3136,NA,NA,NA
2019-09-20,3137,NA,NA,NA
2019-09-23,3138,NA,NA,NA
2019-09-24,3139,NA,NA,NA
2019-09-25,3140,NA,NA,NA
2019-09-26,3141,NA,NA,NA
2019-09-27,3142,NA,NA,NA
2019-09-30,3143,NA,NA,NA
2019-10-01,3144,NA,NA,NA
2019-10-02,3145,NA,NA,NA
2019-10-03,3146,NA,NA,NA
2019-10-04,3147,NA,NA,NA
2019-10-07,3148,NA,NA,NA
2019-10-08,3149,NA,NA,NA
2019-10-09,3150,NA,NA,NA
2019-10-10,3151,NA,NA,NA
2019-10-11,3152,NA,NA,NA
2019-10-14,3153,NA,NA,NA
2019-10-15,3154,NA,NA,NA
2019-10-16,3155,NA,NA,NA
2019-10-17,3156,NA,NA,NA
2019-10-18,3157,NA,NA,NA
2019-10-21,3158,NA,NA,NA
2019-10-22,3159,NA,NA,NA
2019-10-23,3160,NA,NA,NA
2019-10-24,3161,NA,NA,NA
2019-10-25,3162,NA,NA,NA
2019-10-28,3163,NA,NA,NA
2019-10-29,3164,NA,NA,NA
2019-10-30,3165,NA,NA,NA
2019-10-31,3166,NA,NA,NA
2019-11-01,3167,NA,NA,NA
2019-11-04,3168,NA,NA,NA
2019-11-05,3169,NA,NA,NA
2019-11-06,3170,NA,NA,NA
2019-11-07,3171,NA,NA,NA
2019-11-08,3172,NA,NA,NA
2019-11-11,3173,NA,NA,NA
2019-11-12,3174,NA,NA,NA
2019-11-13,3175,NA,NA,NA
2019-11-14,3176,NA,NA,NA
2019-11-15,3177,NA,NA,NA
2019-11-18,3178,NA,NA,NA
2019-11-19,3179,NA,NA,NA
2019-11-20,3180,NA,NA,NA
2019-11-21,3181,NA,NA,NA
2019-11-22,3182,NA,NA,NA
2019-11-25,3183,NA,NA,NA
2019-11-26,3184,NA,NA,NA
2019-11-27,3185,NA,NA,NA
2019-11-29,3186,NA,NA,NA
2019-12-02,3187,NA,NA,NA
2019-12-03,3188,NA,NA,NA
2019-12-04,3189,NA,NA,NA
2019-12-05,3190,NA,NA,NA
2019-12-06,3191,NA,NA,NA
2019-12-09,3192,NA,NA,NA
2019-12-10,3193,NA,NA,NA
2019-12-11,3194,NA,NA,NA
2019-12-12,3195,NA,NA,NA
2019-12-13,3196,NA,NA,NA
2019-12-16,3197,NA,NA,NA
2019-12-17,3198,NA,NA,NA
2019-12-18,3199,NA,NA,NA
2019-12-19,3200,NA,NA,NA
2019-12-20,3201,NA,NA,NA
2019-12-23,3202,NA,NA,NA
2019-12-24,3203,NA,NA,NA
2019-12-26,3204,NA,NA,NA
2019-12-27,3205,NA,NA,NA
2019-12-30,3206,NA,NA,NA
2019-12-31,3207,NA,NA,NA
2020-01-02,3208,NA,NA,NA
2020-01-03,3209,NA,NA,NA
2020-01-06,3210,NA,NA,NA
2020-01-07,3211,NA,NA,NA
2020-01-08,3212,NA,NA,NA
2020-01-09,3213,NA,NA,NA
2020-01-10,3214,NA,NA,NA
2020-01-13,3215,NA,NA,NA
2020-01-14,3216,NA,NA,NA
2020-01-15,3217,NA,NA,NA
2020-01-16,3218,NA,NA,NA
2020-01-17,3219,NA,NA,NA
2020-01-21,3220,NA,NA,NA
2020-01-22,3221,NA,NA,NA
2020-01-23,3222,NA,NA,NA
2020-01-24,3223,NA,NA,NA
2020-01-27,3224,NA,NA,NA
2020-01-28,3225,NA,NA,NA
2020-01-29,3226,NA,NA,NA
2020-01-30,3227,NA,NA,NA
2020-01-31,3228,NA,NA,NA
2020-02-03,3229,NA,NA,NA
2020-02-04,3230,NA,NA,NA
2020-02-05,3231,NA,NA,NA
2020-02-06,3232,NA,NA,NA
2020-02-07,3233,NA,NA,NA
2020-02-10,3234,NA,NA,NA
2020-02-11,3235,NA,NA,NA
2020-02-12,3236,NA,NA,NA
2020-02-13,3237,NA,NA,NA
2020-02-14,3238,NA,NA,NA
2020-02-18,3239,NA,NA,NA
2020-02-19,3240,NA,NA,NA
2020-02-20,3241,NA,NA,NA
2020-02-21,3242,NA,NA,NA
2020-02-24,3243,NA,NA,NA
2020-02-25,3244,NA,NA,NA
2020-02-26,3245,NA,NA,NA
2020-02-27,3246,NA,NA,NA
2020-02-28,3247,NA,NA,NA
2020-03-02,3248,NA,NA,NA
2020-03-03,3249,NA,NA,NA
2020-03-04,3250,NA,NA,NA
2020-03-05,3251,NA,NA,NA
2020-03-06,3252,NA,NA,NA
2020-03-09,3253,NA,NA,NA
2020-03-10,3254,NA,NA,NA
2020-03-11,3255,NA,NA,NA
2020-03-12,3256,NA,NA,NA
2020-03-13,3257,NA,NA,NA
2020-03-16,3258,NA,NA,NA
2020-03-17,3259,NA,NA,NA
2020-03-18,3260,NA,NA,NA
2020-03-19,3261,NA,NA,NA
2020-03-20,3262,NA,NA,NA
2020-03-23,3263,NA,NA,NA
2020-03-24,3264,NA,NA,NA
2020-03-25,3265,NA,NA,NA
2020-03-26,3266,NA,NA,NA
2020-03-27,3267,NA,NA,NA
2020-03-30,3268,NA,NA,NA
2020-03-31,3269,NA,NA,NA
2020-04-01,3270,NA,NA,NA
2020-04-02,3271,NA,NA,NA
2020-04-03,3272,NA,NA,NA
2020-04-06,3273,NA,NA,NA
2020-04-07,3274,NA,NA,NA
2020-04-08,3275,NA,NA,NA
2020-04-09,3276,NA,NA,NA
2020-04-13,3277,NA,NA,NA
2020-04-14,3278,NA,NA,NA
2020-04-15,3279,NA,NA,NA
2020-04-16,3280,NA,NA,NA
2020-04-17,3281,NA,NA,NA
2020-04-20,3282,NA,NA,NA
2020-04-21,3283,NA,NA,NA
2020-04-22,3284,NA,NA,NA
2020-04-23,3285,NA,NA,NA
2020-04-24,3286,NA,NA,NA
2020-04-27,3287,NA,NA,NA
2020-04-28,3288,NA,NA,NA
2020-04-29,3289,NA,NA,NA
2020-04-30,3290,NA,NA,NA
2020-05-01,3291,NA,NA,NA
2020-05-04,3292,NA,NA,NA
2020-05-05,3293,NA,NA,NA
2020-05-06,3294,NA,NA,NA
2020-05-07,3295,NA,NA,NA
2020-05-08,3296,NA,NA,NA
2020-05-11,3297,NA,NA,NA
2020-05-12,3298,NA,NA,NA
2020-05-13,3299,NA,NA,NA
2020-05-14,3300,NA,NA,NA
2020-05-15,3301,NA,NA,NA
2020-05-18,3302,NA,NA,NA
2020-05-19,3303,NA,NA,NA
2020-05-20,3304,NA,NA,NA
2020-05-21,3305,NA,NA,NA
2020-05-22,3306,NA,NA,NA
2020-05-26,3307,NA,NA,NA
2020-05-27,3308,NA,NA,NA
2020-05-28,3309,NA,NA,NA
2020-05-29,3310,NA,NA,NA
2020-06-01,3311,NA,NA,NA
2020-06-02,3312,NA,NA,NA
2020-06-03,3313,NA,NA,NA
2020-06-04,3314,NA,NA,NA
2020-06-05,3315,NA,NA,NA
2020-06-08,3316,NA,NA,NA
2020-06-09,3317,NA,NA,NA
2020-06-10,3318,NA,NA,NA
2020-06-11,3319,NA,NA,NA
2020-06-12,3320,NA,NA,NA
2020-06-15,3321,NA,NA,NA
2020-06-16,3322,NA,NA,NA
2020-06-17,3323,NA,NA,NA
2020-06-18,3324,NA,NA,NA
2020-06-19,3325,NA,NA,NA
2020-06-22,3326,NA,NA,NA
2020-06-23,3327,NA,NA,NA
2020-06-24,3328,NA,NA,NA
2020-06-25,3329,NA,NA,NA
2020-06-26,3330,NA,NA,NA
2020-06-29,3331,NA,NA,NA
2020-06-30,3332,NA,NA,NA
2020-07-01,3333,NA,NA,NA
2020-07-02,3334,NA,NA,NA
2020-07-06,3335,NA,NA,NA
2020-07-07,3336,NA,NA,NA
2020-07-08,3337,NA,NA,NA
2020-07-09,3338,NA,NA,NA
2020-07-10,3339,NA,NA,NA
2020-07-13,3340,NA,NA,NA
2020-07-14,3341,NA,NA,NA
2020-07-15,3342,NA,NA,NA
2020-07-16,3343,NA,NA,NA
2020-07-17,3344,NA,NA,NA
2020-07-20,3345,NA,NA,NA
2020-07-21,3346,NA,NA,NA
2020-07-22,3347,NA,NA,NA
2020-07-23,3348,NA,NA,NA
2020-07-24,3349,NA,NA,NA
2020-07-27,3350,NA,NA,NA
2020-07-28,3351,NA,NA,NA
2020-07-29,3352,NA,NA,NA
2020-07-30,3353,NA,NA,NA
2020-07-31,3354,NA,NA,NA
2020-08-03,3355,NA,NA,NA
2020-08-04,3356,NA,NA,NA
2020-08-05,3357,NA,NA,NA
2020-08-06,3358,NA,NA,NA
2020-08-07,3359,NA,NA,NA
2020-08-10,3360,NA,NA,NA
2020-08-11,3361,NA,NA,NA
2020-08-12,3362,NA,NA,NA
2020-08-13,3363,NA,NA,NA
2020-08-14,3364,NA,NA,NA
2020-08-17,3365,NA,NA,NA
2020-08-18,3366,NA,NA,NA
2020-08-19,3367,NA,NA,NA
2020-08-20,3368,NA,NA,NA
2020-08-21,3369,NA,NA,NA
2020-08-24,3370,NA,NA,NA
2020-08-25,3371,NA,NA,NA
2020-08-26,3372,NA,NA,NA
2020-08-27,3373,NA,NA,NA
2020-08-28,3374,NA,NA,NA
2020-08-31,3375,NA,NA,NA
2020-09-01,3376,NA,NA,NA
2020-09-02,3377,NA,NA,NA
2020-09-03,3378,NA,NA,NA
2020-09-04,3379,NA,NA,NA
2020-09-08,3380,NA,NA,NA
2020-09-09,3381,NA,NA,NA
2020-09-10,3382,NA,NA,NA
2020-09-11,3383,NA,NA,NA
2020-09-14,3384,NA,NA,NA
2020-09-15,3385,NA,NA,NA
2020-09-16,3386,NA,NA,NA
2020-09-17,3387,NA,NA,NA
2020-09-18,3388,NA,NA,NA
2020-09-21,3389,NA,NA,NA
2020-09-22,3390,NA,NA,NA
2020-09-23,3391,NA,NA,NA
2020-09-24,3392,NA,NA,NA
2020-09-25,3393,NA,NA,NA
2020-09-28,3394,NA,NA,NA
2020-09-29,3395,NA,NA,NA
2020-09-30,3396,NA,NA,NA
2020-10-01,3397,NA,NA,NA
2020-10-02,3398,NA,NA,NA
2020-10-05,3399,NA,NA,NA
2020-10-06,3400,NA,NA,NA
2020-10-07,3401,NA,NA,NA
2020-10-08,3402,NA,NA,NA
2020-10-09,3403,NA,NA,NA
2020-10-12,3404,NA,NA,NA
2020-10-13,3405,NA,NA,NA
2020-10-14,3406,NA,NA,NA
2020-10-15,3407,NA,NA,NA
2020-10-16,3408,NA,NA,NA
2020-10-19,3409,NA,NA,NA
2020-10-20,3410,NA,NA,NA
2020-10-21,3411,NA,NA,NA
2020-10-22,3412,NA,NA,NA
2020-10-23,3413,NA,NA,NA
2020-10-26,3414,NA,NA,NA
2020-10-27,3415,NA,NA,NA
2020-10-28,3416,NA,NA,NA
2020-10-29,3417,NA,NA,NA
2020-10-30,3418,NA,NA,NA
2020-11-02,3419,NA,NA,NA
2020-11-03,3420,NA,NA,NA
2020-11-04,3421,NA,NA,NA
2020-11-05,3422,NA,NA,NA
2020-11-06,3423,NA,NA,NA
2020-11-09,3424,NA,NA,NA
2020-11-10,3425,NA,NA,NA
2020-11-11,3426,NA,NA,NA
2020-11-12,3427,NA,NA,NA
2020-11-13,3428,NA,NA,NA
2020-11-16,3429,NA,NA,NA
2020-11-17,3430,NA,NA,NA
2020-11-18,3431,NA,NA,NA
2020-11-19,3432,NA,NA,NA
2020-11-20,3433,NA,NA,NA
2020-11-23,3434,NA,NA,NA
2020-11-24,3435,NA,NA,NA
2020-11-25,3436,NA,NA,NA
2020-11-27,3437,NA,NA,NA
2020-11-30,3438,NA,NA,NA
2020-12-01,3439,NA,NA,NA
2020-12-02,3440,NA,NA,NA
2020-12-03,3441,NA,NA,NA
2020-12-04,3442,NA,NA,NA
2020-12-07,3443,NA,NA,NA
2020-12-08,3444,NA,NA,NA
2020-12-09,3445,NA,NA,NA
2020-12-10,3446,NA,NA,NA
2020-12-11,3447,NA,NA,NA
2020-12-14,3448,NA,NA,NA
2020-12-15,3449,NA,NA,NA
2020-12-16,3450,NA,NA,NA
2020-12-17,3451,NA,NA,NA
2020-12-18,3452,NA,NA,NA
2020-12-21,3453,NA,NA,NA
2020-12-22,3454,NA,NA,NA
2020-12-23,3455,NA,NA,NA
2020-12-24,3456,NA,NA,NA
2020-12-28,3457,NA,NA,NA
2020-12-29,3458,NA,NA,NA
2020-12-30,3459,NA,NA,NA
2020-12-31,3460,NA,NA,NA
2021-01-04,3461,NA,NA,NA
2021-01-05,3462,NA,NA,NA
2021-01-06,3463,NA,NA,NA
2021-01-07,3464,NA,NA,NA
2021-01-08,3465,NA,NA,NA
2021-01-11,3466,NA,NA,NA
2021-01-12,3467,NA,NA,NA
2021-01-13,3468,NA,NA,NA
2021-01-14,3469,NA,NA,NA
2021-01-15,3470,NA,NA,NA
2021-01-19,3471,NA,NA,NA
2021-01-20,3472,NA,NA,NA
2021-01-21,3473,NA,NA,NA
2021-01-22,3474,NA,NA,NA
2021-01-25,3475,NA,NA,NA
2021-01-26,3476,NA,NA,NA
2021-01-27,3477,NA,NA,NA
2021-01-28,3478,NA,NA,NA
2021-01-29,3479,NA,NA,NA
2021-02-01,3480,NA,NA,NA
2021-02-02,3481,NA,NA,NA
2021-02-03,3482,NA,NA,NA
2021-02-04,3483,NA,NA,NA
2021-02-05,3484,NA,NA,NA
2021-02-08,3485,NA,NA,NA
2021-02-09,3486,NA,NA,NA
2021-02-10,3487,NA,NA,NA
2021-02-11,3488,NA,NA,NA
2021-02-12,3489,NA,NA,NA
2021-02-16,3490,NA,NA,NA
2021-02-17,3491,NA,NA,NA
2021-02-18,3492,NA,NA,NA
2021-02-19,3493,NA,NA,NA
2021-02-22,3494,NA,NA,NA
2021-02-23,3495,NA,NA,NA
2021-02-24,3496,NA,NA,NA
2021-02-25,3497,NA,NA,NA
2021-02-26,3498,NA,NA,NA
2021-03-01,3499,NA,NA,NA
2021-03-02,3500,NA,NA,NA
2021-03-03,3501,NA,NA,NA
2021-03-04,3502,NA,NA,NA
2021-03-05,3503,NA,NA,NA
2021-03-08,3504,NA,NA,NA
2021-03-09,3505,NA,NA,NA
2021-03-10,3506,NA,NA,NA
2021-03-11,3507,NA,NA,NA
2021-03-12,3508,NA,NA,NA
2021-03-15,3509,NA,NA,NA
2021-03-16,3510,NA,NA,NA
2021-03-17,3511,NA,NA,NA
2021-03-18,3512,NA,NA,NA
2021-03-19,3513,NA,NA,NA
2021-03-22,3514,NA,NA,NA
2021-03-23,3515,NA,NA,NA
2021-03-24,3516,NA,NA,NA
2021-03-25,3517,NA,NA,NA
2021-03-26,3518,NA,NA,NA
2021-03-29,3519,NA,NA,NA
2021-03-30,3520,NA,NA,NA
2021-03-31,3521,NA,NA,NA
2021-04-01,3522,NA,NA,NA
2021-04-05,3523,NA,NA,NA
2021-04-06,3524,NA,NA,NA
2021-04-07,3525,NA,NA,NA
2021-04-08,3526,NA,NA,NA
2021-04-09,3527,NA,NA,NA
2021-04-12,3528,NA,NA,NA
2021-04-13,3529,NA,NA,NA
2021-04-14,3530,NA,NA,NA
2021-04-15,3531,NA,NA,NA
2021-04-16,3532,NA,NA,NA
2021-04-19,3533,NA,NA,NA
2021-04-20,3534,NA,NA,NA
2021-04-21,3535,NA,NA,NA
2021-04-22,3536,NA,NA,NA
2021-04-23,3537,NA,NA,NA
2021-04-26,3538,NA,NA,NA
2021-04-27,3539,NA,NA,NA
2021-04-28,3540,NA,NA,NA
2021-04-29,3541,NA,NA,NA
2021-04-30,3542,NA,NA,NA
2021-05-03,3543,NA,NA,NA
2021-05-04,3544,NA,NA,NA
2021-05-05,3545,NA,NA,NA
2021-05-06,3546,NA,NA,NA
2021-05-07,3547,NA,NA,NA
2021-05-10,3548,NA,NA,NA
2021-05-11,3549,NA,NA,NA
2021-05-12,3550,NA,NA,NA
2021-05-13,3551,NA,NA,NA
2021-05-14,3552,NA,NA,NA
2021-05-17,3553,NA,NA,NA
2021-05-18,3554,NA,NA,NA
2021-05-19,3555,NA,NA,NA
2021-05-20,3556,NA,NA,NA
2021-05-21,3557,NA,NA,NA
2021-05-24,3558,NA,NA,NA
2021-05-25,3559,NA,NA,NA
2021-05-26,3560,NA,NA,NA
2021-05-27,3561,NA,NA,NA
2021-05-28,3562,NA,NA,NA
2021-06-01,3563,NA,NA,NA
2021-06-02,3564,NA,NA,NA
2021-06-03,3565,NA,NA,NA
2021-06-04,3566,NA,NA,NA
2021-06-07,3567,NA,NA,NA
2021-06-08,3568,NA,NA,NA
2021-06-09,3569,NA,NA,NA
2021-06-10,3570,NA,NA,NA
2021-06-11,3571,NA,NA,NA
2021-06-14,3572,NA,NA,NA
2021-06-15,3573,NA,NA,NA
2021-06-16,3574,NA,NA,NA
2021-06-17,3575,NA,NA,NA
2021-06-18,3576,NA,NA,NA
2021-06-21,3577,NA,NA,NA
2021-06-22,3578,NA,NA,NA
2021-06-23,3579,NA,NA,NA
2021-06-24,3580,NA,NA,NA
2021-06-25,3581,NA,NA,NA
2021-06-28,3582,NA,NA,NA
2021-06-29,3583,NA,NA,NA
2021-06-30,3584,NA,NA,NA
2021-07-01,3585,NA,NA,NA
2021-07-02,3586,NA,NA,NA
2021-07-06,3587,NA,NA,NA
2021-07-07,3588,NA,NA,NA
2021-07-08,3589,NA,NA,NA
2021-07-09,3590,NA,NA,NA
2021-07-12,3591,NA,NA,NA
2021-07-13,3592,NA,NA,NA
2021-07-14,3593,NA,NA,NA
2021-07-15,3594,NA,NA,NA
2021-07-16,3595,NA,NA,NA
2021-07-19,3596,NA,NA,NA
2021-07-20,3597,NA,NA,NA
2021-07-21,3598,NA,NA,NA
2021-07-22,3599,NA,NA,NA
2021-07-23,3600,NA,NA,NA
2021-07-26,3601,NA,NA,NA
2021-07-27,3602,NA,NA,NA
2021-07-28,3603,NA,NA,NA
2021-07-29,3604,NA,NA,NA
2021-07-30,3605,NA,NA,NA
2021-08-02,3606,NA,NA,NA
2021-08-03,3607,NA,NA,NA
2021-08-04,3608,NA,NA,NA
2021-08-05,3609,NA,NA,NA
2021-08-06,3610,NA,NA,NA
2021-08-09,3611,NA,NA,NA
2021-08-10,3612,NA,NA,NA
2021-08-11,3613,NA,NA,NA
2021-08-12,3614,NA,NA,NA
2021-08-13,3615,NA,NA,NA
2021-08-16,3616,NA,NA,NA
2021-08-17,3617,NA,NA,NA
2021-08-18,3618,NA,NA,NA
2021-08-19,3619,NA,NA,NA
2021-08-20,3620,NA,NA,NA
2021-08-23,3621,NA,NA,NA
2021-08-24,3622,NA,NA,NA
2021-08-25,3623,NA,NA,NA
2021-08-26,3624,NA,NA,NA
2021-08-27,3625,NA,NA,NA
2021-08-30,3626,NA,NA,NA
2021-08-31,3627,NA,NA,NA
2021-09-01,3628,NA,NA,NA
2021-09-02,3629,NA,NA,NA
2021-09-03,3630,NA,NA,NA
2021-09-07,3631,NA,NA,NA
2021-09-08,3632,NA,NA,NA
2021-09-09,3633,NA,NA,NA
2021-09-10,3634,NA,NA,NA
2021-09-13,3635,NA,NA,NA
2021-09-14,3636,NA,NA,NA
2021-09-15,3637,NA,NA,NA
2021-09-16,3638,NA,NA,NA
2021-09-17,3639,NA,NA,NA
2021-09-20,3640,NA,NA,NA
2021-09-21,3641,NA,NA,NA
2021-09-22,3642,NA,NA,NA
2021-09-23,3643,NA,NA,NA
2021-09-24,3644,NA,NA,NA
2021-09-27,3645,NA,NA,NA
2021-09-28,3646,NA,NA,NA
2021-09-29,3647,NA,NA,NA
2021-09-30,3648,NA,NA,NA
2021-10-01,3649,NA,NA,NA
2021-10-04,3650,NA,NA,NA
2021-10-05,3651,NA,NA,NA
2021-10-06,3652,NA,NA,NA
2021-10-07,3653,NA,NA,NA
2021-10-08,3654,NA,NA,NA
2021-10-11,3655,NA,NA,NA
2021-10-12,3656,NA,NA,NA
2021-10-13,3657,NA,NA,NA
2021-10-14,3658,NA,NA,NA
2021-10-15,3659,NA,NA,NA
2021-10-18,3660,NA,NA,NA
2021-10-19,3661,NA,NA,NA
2021-10-20,3662,NA,NA,NA
2021-10-21,3663,NA,NA,NA
2021-10-22,3664,NA,NA,NA
2021-10-25,3665,NA,NA,NA
2021-10-26,3666,NA,NA,NA
2021-10-27,3667,NA,NA,NA
2021-10-28,3668,NA,NA,NA
2021-10-29,3669,NA,NA,NA
2021-11-01,3670,NA,NA,NA
2021-11-02,3671,NA,NA,NA
2021-11-03,3672,NA,NA,NA
2021-11-04,3673,NA,NA,NA
2021-11-05,3674,NA,NA,NA
2021-11-08,3675,NA,NA,NA
2021-11-09,3676,NA,NA,NA
2021-11-10,3677,NA,NA,NA
2021-11-11,3678,NA,NA,NA
2021-11-12,3679,NA,NA,NA
2021-11-15,3680,NA,NA,NA
2021-11-16,3681,NA,NA,NA
2021-11-17,3682,NA,NA,NA
2021-11-18,3683,NA,NA,NA
2021-11-19,3684,NA,NA,NA
2021-11-22,3685,NA,NA,NA
2021-11-23,3686,NA,NA,NA
2021-11-24,3687,NA,NA,NA
2021-11-26,3688,NA,NA,NA
2021-11-29,3689,NA,NA,NA
2021-11-30,3690,NA,NA,NA
2021-12-01,3691,NA,NA,NA
2021-12-02,3692,NA,NA,NA
2021-12-03,3693,NA,NA,NA
2021-12-06,3694,NA,NA,NA
2021-12-07,3695,NA,NA,NA
2021-12-08,3696,NA,NA,NA
2021-12-09,3697,NA,NA,NA
2021-12-10,3698,NA,NA,NA
2021-12-13,3699,NA,NA,NA
2021-12-14,3700,NA,NA,NA
2021-12-15,3701,NA,NA,NA
2021-12-16,3702,NA,NA,NA
2021-12-17,3703,NA,NA,NA
2021-12-20,3704,NA,NA,NA
2021-12-21,3705,NA,NA,NA
2021-12-22,3706,NA,NA,NA
2021-12-23,3707,NA,NA,NA
2021-12-27,3708,NA,NA,NA
2021-12-28,3709,NA,NA,NA
2021-12-29,3710,NA,NA,NA
2021-12-30,3711,NA,NA,NA
